tahun,provinsi,kab_kota,sisa_makanan,kayu_ranting,kertas_karton,plastik,logam,kain,karet_kulit,kaca,jenis_lainnya,sampah_harian,sampah_tahunan,anorganik,organik
2022,Aceh,Kab. Aceh Selatan,40.5,14.21,11.75,17.59,3.2,2.58,1.95,2.27,7.12,9649.0,3521768.0,39.34,54.71
2022,Aceh,Kab. Aceh Tenggara,41.0,11.0,2.0,18.0,2.0,5.0,17.0,4.0,7.12,9132.0,3333297.0,48.0,52.0
2022,Aceh,Kab. Aceh Timur,37.0,14.0,5.0,26.0,5.0,3.0,2.0,4.0,4.0,17314.0,6319595.0,45.0,51.0
2022,Aceh,Kab. Aceh Barat,41.8,13.3,10.7,18.2,3.1,2.6,1.8,2.0,6.5,10143.0,3702159.0,38.4,55.099999999999994
2022,Aceh,Kab. Pidie,8.5,7.5,19.3,35.7,4.0,1.0,3.0,2.0,19.0,17780.0,6489773.0,65.0,16.0
2022,Aceh,Kab. Simeulue,5.18,13.05,11.93,35.73,16.88,6.65,5.55,2.03,3.0,4461.0,1628089.0,78.77,18.23
2022,Aceh,Kab. Aceh Singkil,30.0,10.0,15.0,22.0,2.0,5.0,3.0,2.0,11.0,5277.0,1926134.0,49.0,40.0
2022,Aceh,Kab. Aceh Barat Daya,32.5,11.0,20.0,12.0,11.0,1.5,3.0,4.0,5.0,7767.0,2834809.0,51.5,43.5
2022,Aceh,Kab. Gayo Lues,35.0,23.0,5.0,25.0,3.2,2.58,1.95,2.0,10.0,4106.0,1498602.0,39.730000000000004,58.0
2022,Aceh,Kab. Aceh Jaya,65.0,1.0,11.0,14.0,3.5,1.0,1.0,2.5,1.0,4721.0,1723129.0,33.0,66.0
2022,Aceh,Kab. Nagan Raya,38.0,14.0,11.0,20.0,1.0,1.0,2.0,1.0,12.0,6936.0,2531538.0,36.0,52.0
2022,Aceh,Kab. Aceh Tamiang,35.0,15.0,15.0,30.0,1.0,1.0,1.0,1.0,1.0,12072.0,4406280.0,49.0,50.0
2022,Aceh,Kab. Bener Meriah,21.0,25.0,19.0,18.0,3.0,3.0,3.0,3.0,5.0,6599.0,2408474.0,49.0,46.0
2022,Aceh,Kab. Pidie Jaya,19.0,26.3,13.0,26.0,2.5,3.5,3.7,3.5,2.5,7953.0,2902944.0,52.2,45.3
2022,Aceh,Kota Banda Aceh,32.4,20.6,3.0,4.8,4.6,6.8,13.2,4.75,9.85,25221.0,9205588.0,37.15,53.0
2022,Aceh,Kota Sabang,26.5,16.6,10.5,22.6,6.1,4.3,4.3,3.7,5.4,1728.0,630837.0,51.5,43.1
2022,Aceh,Kota Langsa,19.0,20.0,8.0,12.0,14.0,10.0,7.0,8.0,2.0,9444.0,3447024.0,59.0,39.0
2022,Aceh,Kota Subulussalam,28.0,15.0,10.0,18.0,2.0,7.0,8.0,2.0,10.0,3707.0,1352997.0,47.0,43.0
2022,Sumatera Utara,Kab. Tapanuli Tengah,54.6,0.01,11.39,13.15,0.37,3.28,0.84,1.59,14.77,18465.0,6739725.0,30.62,54.61
2022,Sumatera Utara,Kab. Nias,40.5,14.21,11.75,17.59,3.2,2.58,1.95,2.27,7.12,5828.0,2127235.0,39.34,54.71
2022,Sumatera Utara,Kab. Langkat,38.0,30.0,24.0,7.0,0.2,0.2,0.1,2.27,7.12,52144.0,19032378.0,33.77,68.0
2022,Sumatera Utara,Kab. Deli Serdang,20.5,24.0,13.8,20.2,6.0,5.0,3.0,2.0,5.5,112661.0,41121101.0,50.0,44.5
2022,Sumatera Utara,Kab. Simalungun,5.5,1.93,15.44,20.46,0.37,7.7,4.5,8.6,35.5,51081.0,18644474.0,57.07,7.43
2022,Sumatera Utara,Kab. Asahan,40.5,14.21,11.75,17.59,3.2,2.58,1.95,2.27,7.12,47278.0,17256499.0,39.34,54.71
2022,Sumatera Utara,Kab. Toba,40.5,14.21,11.75,17.59,3.2,2.58,1.95,2.27,7.12,9605.0,3505900.0,39.34,54.71
2022,Sumatera Utara,Kab. Humbang Hasundutan,12.0,55.0,10.0,13.0,3.0,1.0,0.2,0.8,5.0,5933.0,2165373.0,28.0,67.0
2022,Sumatera Utara,Kota Medan,40.5,14.21,11.75,17.59,3.2,2.58,1.95,2.27,7.12,172260.0,62874922.0,39.34,54.71
2022,Sumatera Utara,Kota Pematang Siantar,45.0,6.0,12.0,10.0,5.0,3.0,4.0,4.0,11.0,24143.0,8812144.0,38.0,51.0
2022,Sumatera Utara,Kota Tebing Tinggi,62.7,1.73,11.43,16.65,0.73,2.6,0.71,1.83,1.62,12463.0,4548820.0,33.949999999999996,64.43
2022,Sumatera Utara,Kota Padangsidimpuan,49.93,7.58,13.56,12.71,0.38,3.29,1.13,2.17,9.25,16182.0,5906598.0,33.24,57.51
2022,Sumatera Barat,Kab. Pesisir Selatan,20.4,19.6,23.0,19.0,16.0,0.42,1.58,2.27,7.12,15289.0,5580317.0,62.27,40.0
2022,Sumatera Barat,Kab. Solok,29.0,20.0,12.0,22.0,2.0,2.0,2.0,2.0,9.0,15769.0,5755860.0,42.0,49.0
2022,Sumatera Barat,Kab. Sijunjung,20.8,38.12,16.48,20.0,3.9,0.4,0.3,2.27,7.12,9730.0,3551389.0,43.35,58.92
2022,Sumatera Barat,Kab. Tanah Datar,69.34,14.21,8.63,6.0,2.24,1.57,1.95,3.33,8.89,12892.0,4705729.0,23.72,83.55000000000001
2022,Sumatera Barat,Kab. Padang Pariaman,31.82,14.21,12.78,43.77,0.21,0.78,2.07,0.54,8.03,21806.0,7959354.0,60.150000000000006,46.03
2022,Sumatera Barat,Kab. Agam,70.0,4.02,6.0,8.0,2.0,0.28,0.1,0.6,9.0,21368.0,7799364.0,16.980000000000004,74.02
2022,Sumatera Barat,Kab. Lima Puluh Kota,40.5,14.21,11.75,17.59,3.2,2.58,1.95,2.27,7.12,15330.0,5595479.0,39.34,54.71
2022,Sumatera Barat,Kab. Pasaman,66.28,2.1,11.41,11.25,2.93,1.41,1.36,1.86,1.4,12124.0,4425304.0,30.22,68.38
2022,Sumatera Barat,Kab. Dharmasraya,40.5,14.21,11.75,17.59,3.2,2.58,1.95,2.27,7.12,10365.0,3783110.0,39.34,54.71
2022,Sumatera Barat,Kab. Solok Selatan,34.25,0.78,16.35,25.69,0.13,0.59,0.55,2.41,19.25,7394.0,2698868.0,45.72000000000001,35.03
2022,Sumatera Barat,Kab. Pasaman Barat,40.0,10.0,15.0,20.0,5.0,2.58,1.95,5.0,5.0,17500.0,6387675.0,49.53,50.0
2022,Sumatera Barat,Kota Padang,62.8,6.84,5.7,12.4,0.19,3.3,1.5,2.4,4.87,64376.0,23497313.0,25.490000000000002,69.64
2022,Sumatera Barat,Kota Solok,45.7,10.02,11.1,23.2,0.84,0.6,0.21,1.1,7.23,5427.0,1981019.0,37.050000000000004,55.72
2022,Sumatera Barat,Kota Sawahlunto,46.0,10.0,11.0,14.0,3.0,5.0,4.0,5.0,2.0,1886.0,688256.0,42.0,56.0
2022,Sumatera Barat,Kota Padang Panjang,43.15,23.56,14.35,12.67,1.5,0.95,0.8,1.19,1.83,4895.0,1786514.0,31.46,66.71
2022,Sumatera Barat,Kota Bukittinggi,61.12,1.14,16.5,18.72,0.46,0.89,1.95,0.5,0.67,12523.0,4570754.0,39.02,62.26
2022,Sumatera Barat,Kota Payakumbuh,51.62,7.43,11.42,21.54,0.65,1.56,0.57,0.87,4.34,10030.0,3660881.0,36.61,59.05
2022,Sumatera Barat,Kota Pariaman,54.18,10.95,14.56,13.77,1.66,0.91,0.65,1.61,1.71,3826.0,1396344.0,33.16,65.13
2022,Riau,Kab. Indragiri Hulu,20.0,10.0,10.0,20.0,5.0,5.0,5.0,5.0,20.0,18130.0,6617319.0,50.0,30.0
2022,Riau,Kab. Bengkalis,72.9,3.62,2.89,5.02,0.52,0.96,0.91,1.98,10.66,26188.0,9558550.0,12.280000000000001,76.52000000000001
2022,Riau,Kab. Rokan Hulu,30.5,6.0,8.8,20.2,0.7,3.9,1.2,1.3,27.4,36333.0,13261376.0,36.1,36.5
2022,Riau,Kab. Rokan Hilir,14.0,22.0,15.0,32.0,3.0,4.0,2.0,2.0,6.0,33310.0,12158059.0,58.0,36.0
2022,Riau,Kab. Siak,39.0,15.0,10.0,26.0,1.0,2.0,2.0,3.0,2.0,18667.0,6813572.0,44.0,54.0
2022,Riau,Kab. Kuantan Singingi,40.5,14.21,11.75,17.59,3.2,2.58,1.95,2.27,7.12,13918.0,5080055.0,39.34,54.71
2022,Riau,Kota Pekanbaru,59.0,3.0,12.0,10.0,2.0,1.0,1.0,1.0,11.0,97672.0,35650331.0,27.0,62.0
2022,Riau,Kota Dumai,48.97,7.5,5.3,8.95,2.27,3.72,2.5,2.79,18.0,16592.0,6055934.0,25.529999999999998,56.47
2022,Jambi,Kab. Merangin,40.5,14.21,11.75,17.59,3.2,2.58,1.95,2.27,7.12,20213.0,7377836.0,39.34,54.71
2022,Jambi,Kab. Sarolangun,61.2,1.79,11.2,23.39,0.07,0.7,0.14,0.26,1.25,11744.0,4286560.0,35.760000000000005,62.99
2022,Jambi,Kab. Bungo,60.5,4.1,14.1,5.9,1.8,1.5,5.15,1.0,5.95,15851.0,5785703.0,29.450000000000003,64.6
2022,Jambi,Kota Jambi,16.11,23.84,7.38,44.07,0.89,0.57,1.23,0.3,5.61,43750.0,15968801.0,54.44,39.95
2022,Jambi,Kota Sungai Penuh,24.0,14.21,18.0,20.0,15.0,9.0,11.0,2.27,3.0,5012.0,1829544.0,75.27,38.21
2022,Sumatera Selatan,Kab. Ogan Komering Ulu,35.0,25.0,10.0,15.0,7.0,3.0,2.0,3.0,7.12,15221.0,5555650.0,40.0,60.0
2022,Sumatera Selatan,Kab. Muara Enim,61.02,8.07,7.38,17.18,1.14,1.33,0.36,0.31,3.21,43236.0,15781187.0,27.7,69.09
2022,Sumatera Selatan,Kab. Lahat,60.0,10.1,2.0,14.0,1.74,5.5,0.26,0.9,5.5,26961.0,9840685.0,24.4,70.1
2022,Sumatera Selatan,Kab. Musi Rawas,40.5,14.21,11.75,17.59,3.2,2.58,1.95,2.27,7.12,25550.0,9325927.0,39.34,54.71
2022,Sumatera Selatan,Kab. Musi Banyuasin,40.5,14.21,11.75,17.59,3.2,2.58,1.95,2.27,7.12,25793.0,9414547.0,39.34,54.71
2022,Sumatera Selatan,Kab. Banyuasin,39.15,8.53,16.0,13.28,0.98,1.57,1.99,1.4,17.1,57873.0,21123590.0,35.22,47.68
2022,Sumatera Selatan,Kab. Ogan Komering Ulu Timur,12.0,9.0,22.0,27.0,3.0,5.0,3.0,2.0,17.0,28214.0,10298168.0,62.0,21.0
2022,Sumatera Selatan,Kab. Penukal Abab Lematang Ilir,60.3,5.6,10.28,17.2,4.55,0.55,0.15,0.42,0.95,10224.0,3731632.0,33.14999999999999,65.89999999999999
2022,Sumatera Selatan,Kota Palembang,53.0,5.5,14.0,17.0,1.5,3.0,4.0,1.0,1.0,120497.0,43981566.0,40.5,58.5
2022,Sumatera Selatan,Kota Prabumulih,50.56,9.8,6.02,26.6,1.84,1.8,0.6,1.8,0.98,9841.0,3591819.0,38.660000000000004,60.36
2022,Bengkulu,Kab. Bengkulu Utara,31.6,37.5,7.4,6.3,5.1,0.8,2.9,2.5,5.9,18961.0,6920772.0,24.999999999999996,69.1
2022,Bengkulu,Kab. Seluma,59.0,7.0,9.0,9.0,10.0,1.0,1.0,1.0,3.0,10525.0,3841716.0,31.0,66.0
2022,Bengkulu,Kab. Lebong,64.45,8.57,8.56,12.86,0.2,0.89,1.6,0.07,2.8,8057.0,2940984.0,24.180000000000003,73.02000000000001
2022,Lampung,Kab. Lampung Tengah,41.0,1.0,2.0,24.0,1.0,19.0,8.0,3.0,1.0,44322.0,16177475.0,57.0,42.0
2022,Lampung,Kab. Tanggamus,31.0,24.37,13.22,21.0,0.44,0.65,0.14,1.72,7.36,36562.0,13345235.0,37.169999999999995,55.370000000000005
2022,Lampung,Kab. Way Kanan,61.0,19.0,4.0,8.0,4.0,1.0,2.0,1.0,7.12,19202.0,7008613.0,20.0,80.0
2022,Lampung,Kab. Pringsewu,50.0,15.0,5.0,20.0,1.0,0.25,0.25,0.25,8.25,16273.0,5939616.0,26.75,65.0
2022,Lampung,Kab. Tulang Bawang Barat,40.5,14.21,11.75,17.59,3.2,2.58,1.95,2.27,7.12,11449.0,4178768.0,39.34,54.71
2022,Lampung,Kota Bandar Lampung,40.4,12.9,11.7,17.4,3.1,2.5,1.8,2.3,7.9,78646.0,28705755.0,38.79999999999999,53.3
2022,Lampung,Kota Metro,56.47,6.24,9.4,24.07,0.56,1.25,0.27,0.88,0.86,10445.0,3812571.0,36.43000000000001,62.71
2022,Kepulauan Bangka Belitung,Kab. Bangka,39.85,13.96,12.07,16.97,3.37,2.69,1.98,2.31,6.8,13374.0,4881422.0,39.38999999999999,53.81
2022,Kepulauan Bangka Belitung,Kab. Belitung,1.0,28.0,2.0,63.0,0.01,1.0,2.54,2.4,0.05,7360.0,2686458.0,70.95000000000002,29.0
2022,Kepulauan Bangka Belitung,Kab. Bangka Tengah,41.9,8.5,3.8,14.3,3.9,4.9,1.95,5.5,17.2,8236.0,3006111.0,34.349999999999994,50.4
2022,Kepulauan Bangka Belitung,Kab. Belitung Timur,57.0,14.21,5.0,17.0,2.0,2.0,2.0,1.0,14.0,5092.0,1858522.0,29.0,71.21000000000001
2022,Kepulauan Riau,Kab. Bintan,41.0,5.8,24.0,16.4,1.0,1.5,3.2,2.5,4.6,5592.0,2040989.0,48.6,46.8
2022,Kepulauan Riau,Kab. Karimun,23.0,19.0,24.0,24.5,4.0,2.5,1.5,1.2,0.3,18632.0,6800822.0,57.7,42.0
2022,Kepulauan Riau,Kab. Natuna,40.5,14.21,11.75,17.59,3.2,2.58,1.95,2.27,7.12,3418.0,1247512.0,39.34,54.71
2022,Kepulauan Riau,Kab. Lingga,41.2,13.6,18.3,10.2,1.8,8.9,3.9,1.9,0.2,2843.0,1037655.0,45.0,54.800000000000004
2022,Kepulauan Riau,Kab. Kepulauan Anambas,40.5,14.21,11.75,17.59,3.2,2.58,1.95,2.27,7.12,1320.0,481800.0,39.34,54.71
2022,Kepulauan Riau,Kota Batam,40.5,14.21,11.75,17.59,3.2,2.58,1.95,2.27,7.12,113277.0,41346160.0,39.34,54.71
2022,Kepulauan Riau,Kota Tanjung Pinang,40.5,14.21,11.75,17.59,3.2,2.58,1.95,2.27,7.12,15591.0,5690536.0,39.34,54.71
2022,DKI Jakarta,Kab. Adm. Kep. Seribu,25.5,31.59,12.17,19.18,1.27,0.74,0.44,2.03,7.08,1789.0,653108.0,35.830000000000005,57.09
2022,DKI Jakarta,Kota Adm. Jakarta Pusat,40.5,14.21,11.75,17.59,3.2,2.58,1.95,2.27,7.12,85005.0,31026853.0,39.34,54.71
2022,DKI Jakarta,Kota Adm. Jakarta Utara,40.5,14.21,11.75,17.59,3.2,2.58,1.95,2.27,7.12,136844.0,49948075.0,39.34,54.71
2022,DKI Jakarta,Kota Adm. Jakarta Barat,40.5,14.21,11.75,17.59,3.2,2.58,1.95,2.27,7.12,202342.0,73854777.0,39.34,54.71
2022,DKI Jakarta,Kota Adm. Jakarta Selatan,40.5,14.21,11.75,17.59,3.2,2.58,1.95,2.27,7.12,195425.0,71330085.0,39.34,54.71
2022,DKI Jakarta,Kota Adm. Jakarta Timur,40.5,14.21,11.75,17.59,3.2,2.58,1.95,2.27,7.12,231302.0,84425243.0,39.34,54.71
2022,Jawa Barat,Kab. Bandung,40.5,14.21,11.75,17.59,3.2,2.58,1.95,2.27,7.12,128316.0,46835194.0,39.34,54.71
2022,Jawa Barat,Kab. Garut,59.3,14.21,6.3,20.5,1.0,2.6,1.95,3.4,6.9,111225.0,40596955.0,35.75,73.50999999999999
2022,Jawa Barat,Kab. Ciamis,38.0,0.4,16.0,20.0,10.0,4.0,1.0,10.2,0.4,57468.0,20975849.0,61.2,38.4
2022,Jawa Barat,Kab. Kuningan,40.0,17.0,10.0,16.0,4.0,3.0,2.0,2.0,6.0,59940.0,21878210.0,37.0,57.0
2022,Jawa Barat,Kab. Sumedang,20.0,15.0,5.0,40.0,3.0,3.0,2.0,2.0,10.0,44272.0,16159202.0,55.0,35.0
2022,Jawa Barat,Kab. Indramayu,27.0,6.4,25.0,35.8,1.0,1.8,0.8,0.7,1.5,111365.0,40648107.0,65.1,33.4
2022,Jawa Barat,Kab. Karawang,64.0,1.0,9.0,14.0,2.0,1.0,1.95,1.0,8.0,100394.0,36643649.0,28.95,65.0
2022,Jawa Barat,Kab. Bekasi,40.5,14.21,11.75,17.59,3.2,2.58,1.95,2.27,7.12,225035.0,82137910.0,39.34,54.71
2022,Jawa Barat,Kota Bogor,40.0,14.0,20.0,15.0,1.0,2.5,0.5,1.0,6.0,74446.0,27172757.0,40.0,54.0
2022,Jawa Barat,Kota Sukabumi,39.98,13.98,13.98,17.03,3.3,2.75,2.0,2.3,4.68,18035.0,6582841.0,41.36,53.959999999999994
2022,Jawa Barat,Kota Bandung,44.52,3.98,13.12,16.7,0.9,4.75,2.38,1.97,11.68,159418.0,58187652.0,39.82,48.5
2022,Jawa Barat,Kota Bekasi,65.2,7.2,4.2,15.6,0.2,6.3,0.5,0.5,0.3,183063.0,66817900.0,27.3,72.4
2022,Jawa Barat,Kota Cimahi,40.5,50.6,8.6,15.6,3.1,5.3,1.95,3.0,13.8,27546.0,10054232.0,37.550000000000004,91.1
2022,Jawa Barat,Kota Tasikmalaya,48.7,14.21,5.8,5.4,0.2,1.9,1.95,6.3,31.6,31911.0,11647595.0,21.549999999999997,62.910000000000004
2022,Jawa Barat,Kota Banjar,40.5,14.21,11.75,17.59,3.2,2.58,1.95,2.27,7.12,8567.0,3126780.0,39.34,54.71
2022,Jawa Tengah,Kab. Cilacap,57.67,1.71,9.71,16.42,1.33,1.25,1.95,1.17,10.74,95084.0,34705578.0,31.83,59.38
2022,Jawa Tengah,Kab. Banyumas,36.0,6.0,6.0,30.0,9.0,5.0,3.0,5.0,7.12,53689.0,19596449.0,58.0,42.0
2022,Jawa Tengah,Kab. Purbalingga,60.47,2.09,8.95,18.49,0.68,2.34,5.14,0.87,0.97,50992.0,18612080.0,36.46999999999999,62.56
2022,Jawa Tengah,Kab. Kebumen,30.0,36.8,7.0,12.0,7.0,4.0,2.0,1.0,0.2,46305.0,16901340.0,33.0,66.8
2022,Jawa Tengah,Kab. Purworejo,16.0,52.0,2.0,15.0,1.0,1.5,0.2,1.5,10.0,28957.0,10569422.0,21.2,68.0
2022,Jawa Tengah,Kab. Wonosobo,68.93,1.5,12.57,10.11,3.5,0.6,0.31,1.14,1.34,36625.0,13368256.0,28.23,70.43
2022,Jawa Tengah,Kab. Boyolali,40.5,14.21,11.75,17.59,3.2,2.58,1.95,2.27,7.12,29255.0,10678129.0,39.34,54.71
2022,Jawa Tengah,Kab. Klaten,67.42,3.82,10.46,15.05,0.1,0.42,0.08,0.65,2.0,64302.0,23470344.0,26.76,71.24
2022,Jawa Tengah,Kab. Sukoharjo,60.8,1.88,9.81,17.03,1.98,2.28,1.82,1.27,3.13,36192.0,13210109.0,34.190000000000005,62.68
2022,Jawa Tengah,Kab. Wonogiri,25.0,10.0,20.0,25.0,5.0,5.0,2.5,5.0,2.5,34772.0,12691785.0,62.5,35.0
2022,Jawa Tengah,Kab. Karanganyar,63.0,2.0,5.0,20.0,1.0,2.0,2.0,3.0,2.0,37552.0,13706597.0,33.0,65.0
2022,Jawa Tengah,Kab. Sragen,74.3,0.8,8.9,11.2,0.5,1.8,0.3,1.8,0.4,59018.0,21541738.0,24.500000000000004,75.1
2022,Jawa Tengah,Kab. Grobogan,40.5,14.21,11.75,17.59,3.2,2.58,1.95,2.27,7.12,84937.0,31002175.0,39.34,54.71
2022,Jawa Tengah,Kab. Blora,26.0,6.0,15.0,38.0,8.0,2.0,1.5,3.0,0.5,38305.0,13981175.0,67.5,32.0
2022,Jawa Tengah,Kab. Rembang,38.12,1.59,13.38,34.45,0.93,1.88,0.77,1.33,7.55,25213.0,9202600.0,52.74000000000001,39.71
2022,Jawa Tengah,Kab. Kudus,24.71,21.11,15.9,18.29,6.55,4.53,3.02,4.8,1.09,44816.0,16357895.0,53.089999999999996,45.82
2022,Jawa Tengah,Kab. Jepara,53.31,0.96,8.79,23.36,0.69,2.44,0.94,1.16,8.35,41237.0,15051642.0,37.37999999999999,54.27
2022,Jawa Tengah,Kab. Demak,47.0,4.0,15.0,22.0,0.05,0.05,5.0,2.9,4.0,72237.0,26366636.0,44.99999999999999,51.0
2022,Jawa Tengah,Kab. Semarang,40.5,14.21,11.75,17.59,3.2,2.58,1.95,2.27,7.12,52992.0,19342153.0,39.34,54.71
2022,Jawa Tengah,Kab. Temanggung,32.9,18.85,5.39,17.44,7.06,2.01,2.0,2.06,12.29,40014.0,14605037.0,35.96,51.75
2022,Jawa Tengah,Kab. Kendal,83.0,6.61,0.72,5.26,0.09,0.8,0.03,0.14,3.35,41001.0,14965292.0,7.039999999999999,89.61
2022,Jawa Tengah,Kab. Batang,28.0,13.0,13.0,16.0,7.0,6.0,3.0,6.0,8.0,56728.0,20705541.0,51.0,41.0
2022,Jawa Tengah,Kab. Pekalongan,7.0,8.2,6.5,10.2,0.8,3.0,2.0,0.2,62.1,39060.0,14256958.0,22.7,15.2
2022,Jawa Tengah,Kab. Pemalang,40.5,14.21,11.75,17.59,3.2,2.58,1.95,2.27,7.12,59368.0,21669451.0,39.34,54.71
2022,Jawa Tengah,Kab. Tegal,35.0,11.0,12.0,14.0,7.0,6.0,3.0,7.0,5.0,83963.0,30646623.0,49.0,46.0
2022,Jawa Tengah,Kab. Brebes,5.0,50.0,5.0,25.0,4.0,4.0,1.0,1.0,5.0,100531.0,36693760.0,40.0,55.0
2022,Jawa Tengah,Kota Magelang,33.7,13.3,18.8,21.5,0.8,1.8,0.5,3.7,5.9,8051.0,2938462.0,47.099999999999994,47.0
2022,Jawa Tengah,Kota Surakarta,38.18,5.64,13.64,22.73,3.64,7.27,1.95,2.27,8.9,37629.0,13734545.0,51.50000000000001,43.82
2022,Jawa Tengah,Kota Salatiga,40.5,14.21,24.6,5.54,12.3,6.16,1.95,12.91,20.72,11416.0,4166828.0,63.459999999999994,54.71
2022,Jawa Tengah,Kota Semarang,60.79,14.21,10.18,17.2,1.22,4.94,1.0,1.79,2.88,118106.0,43108522.0,36.33,75.0
2022,Jawa Tengah,Kota Tegal,40.5,14.21,11.75,17.59,3.2,2.58,1.95,2.27,7.12,21744.0,7936597.0,39.34,54.71
2022,D.I. Yogyakarta,Kab. Kulon Progo,67.18,14.21,12.6,17.22,1.68,0.21,1.95,1.11,7.12,17734.0,6473071.0,34.77,81.39000000000001
2022,D.I. Yogyakarta,Kab. Gunungkidul,40.5,14.21,11.75,17.59,3.2,2.58,1.95,2.27,7.12,37773.0,13787189.0,39.34,54.71
2022,D.I. Yogyakarta,Kota Yogyakarta,46.45,0.25,17.4,31.05,0.55,1.05,0.6,1.05,1.6,30313.0,11064260.0,51.699999999999996,46.7
2022,Jawa Timur,Kab. Pacitan,34.0,4.5,8.3,35.0,5.0,8.0,3.0,2.0,0.2,28767.0,10499996.0,61.3,38.5
2022,Jawa Timur,Kab. Ponorogo,44.76,0.36,16.53,21.89,0.48,6.62,1.43,0.6,7.33,38234.0,13955264.0,47.55,45.12
2022,Jawa Timur,Kab. Trenggalek,67.48,3.55,10.77,11.62,1.0,1.05,1.14,1.6,1.79,30548.0,11149874.0,27.180000000000003,71.03
2022,Jawa Timur,Kab. Tulungagung,46.0,15.6,7.5,12.5,5.0,4.8,2.0,2.0,4.6,55383.0,20214886.0,33.8,61.6
2022,Jawa Timur,Kab. Kediri,46.4,22.47,4.28,11.31,0.2,2.02,0.63,4.75,7.94,65776.0,24008240.0,23.189999999999998,68.87
2022,Jawa Timur,Kab. Malang,60.64,6.51,13.2,15.26,0.27,1.12,0.4,0.67,1.93,96059.0,35061409.0,30.92,67.15
2022,Jawa Timur,Kab. Lumajang,40.25,17.35,10.65,17.8,1.15,3.25,1.45,1.5,6.6,52451.0,19144612.0,35.800000000000004,57.6
2022,Jawa Timur,Kab. Jember,50.0,5.0,5.0,30.0,1.0,2.58,5.0,1.0,3.0,101469.0,37036243.0,44.58,55.0
2022,Jawa Timur,Kab. Banyuwangi,40.5,14.21,11.75,17.59,3.2,2.58,1.95,2.27,7.12,81391.0,29707845.0,39.34,54.71
2022,Jawa Timur,Kab. Situbondo,44.4,13.8,16.2,24.0,0.2,0.6,0.2,0.2,0.4,25724.0,9389173.0,41.40000000000001,58.2
2022,Jawa Timur,Kab. Mojokerto,47.88,1.91,19.54,21.07,0.53,0.47,0.17,0.24,8.19,46116.0,16832261.0,42.02,49.79
2022,Jawa Timur,Kab. Jombang,48.85,7.27,7.93,12.5,1.24,2.71,1.33,1.24,16.93,53037.0,19358344.0,26.95,56.120000000000005
2022,Jawa Timur,Kab. Nganjuk,61.5,2.0,13.1,12.3,6.0,1.0,1.0,1.0,2.1,44413.0,16210774.0,34.4,63.5
2022,Jawa Timur,Kab. Magetan,35.0,25.0,8.0,15.0,1.0,1.0,2.0,3.0,10.0,27575.0,10064787.0,30.0,60.0
2022,Jawa Timur,Kab. Ngawi,38.3,3.8,10.4,30.6,2.4,2.3,3.7,3.5,5.0,35807.0,13069623.0,52.9,42.099999999999994
2022,Jawa Timur,Kab. Bojonegoro,45.0,34.0,3.0,7.0,1.0,0.5,0.5,1.0,8.0,37609.0,13727136.0,13.0,79.0
2022,Jawa Timur,Kab. Tuban,58.52,15.32,5.78,11.02,0.17,1.62,0.1,1.33,6.14,50531.0,18443937.0,20.020000000000003,73.84
2022,Jawa Timur,Kab. Gresik,55.29,10.29,4.47,11.58,0.47,4.84,2.02,1.37,9.67,39133.0,14283543.0,24.75,65.58
2022,Jawa Timur,Kab. Sampang,45.0,11.0,10.0,15.0,1.0,2.0,1.0,1.0,14.0,46441.0,16951129.0,30.0,56.0
2022,Jawa Timur,Kab. Pamekasan,55.0,4.0,7.0,13.0,3.0,5.0,2.0,2.0,9.0,27710.0,10114055.0,32.0,59.0
2022,Jawa Timur,Kab. Sumenep,40.5,14.21,11.75,17.59,3.2,2.58,1.95,2.27,7.12,36219.0,13219786.0,39.34,54.71
2022,Jawa Timur,Kota Kediri,56.4,8.2,12.8,12.0,4.5,2.4,1.4,0.9,1.4,17859.0,6518370.0,34.0,64.6
2022,Jawa Timur,Kota Blitar,53.0,13.6,5.2,9.1,0.8,2.9,3.0,3.4,9.0,7598.0,2773270.0,24.4,66.6
2022,Jawa Timur,Kota Malang,54.39,13.6,4.47,13.66,0.98,0.52,0.21,1.78,10.39,76479.0,27914837.0,21.62,67.99
2022,Jawa Timur,Kota Probolinggo,61.55,4.06,9.12,19.29,0.74,0.93,1.43,0.86,2.02,9716.0,3546515.0,32.37,65.61
2022,Jawa Timur,Kota Pasuruan,5.61,16.82,31.06,34.59,4.52,0.38,0.44,4.53,2.05,14602.0,5329725.0,75.52,22.43
2022,Jawa Timur,Kota Mojokerto,73.1,0.02,9.51,13.45,0.32,0.9,0.11,0.49,2.1,6691.0,2442033.0,24.779999999999998,73.11999999999999
2022,Jawa Timur,Kota Madiun,81.0,1.5,7.9,4.0,2.5,0.9,0.9,0.8,0.5,12115.0,4421980.0,17.0,82.5
2022,Jawa Timur,Kota Surabaya,40.5,14.21,11.75,17.59,3.2,2.58,1.95,2.27,7.12,178368.0,65104342.0,39.34,54.71
2022,Jawa Timur,Kota Batu,4.0,2.0,6.0,4.0,1.0,2.58,1.95,1.0,7.12,13523.0,4935946.0,16.53,6.0
2022,Banten,Kab. Lebak,30.0,12.0,10.0,15.0,8.0,5.0,5.0,10.0,5.0,59147.0,21588524.0,53.0,42.0
2022,Banten,Kab. Tangerang,38.15,19.5,14.89,18.6,1.55,3.16,0.83,2.28,1.04,230547.0,84149768.0,41.31,57.65
2022,Banten,Kab. Serang,40.5,14.21,11.75,17.59,3.2,2.58,1.95,2.27,7.12,113584.0,41458197.0,39.34,54.71
2022,Banten,Kota Tangerang,57.65,0.44,13.18,19.66,1.07,2.32,0.8,0.37,4.51,138153.0,50425812.0,37.4,58.089999999999996
2022,Banten,Kota Cilegon,40.0,17.0,10.0,16.0,4.0,2.58,1.95,1.0,7.12,22786.0,8316908.0,35.53,57.0
2022,Banten,Kota Serang,66.05,5.06,8.1,20.05,0.3,0.13,0.21,0.09,0.01,58483.0,21346402.0,28.88,71.11
2022,Banten,Kota Tangerang Selatan,35.63,14.08,13.45,17.36,0.38,0.67,0.48,0.85,17.1,97263.0,35500943.0,33.19,49.71
2022,Bali,Kab. Jembrana,27.37,47.94,0.84,19.04,0.71,0.03,3.13,0.61,0.33,16294.0,5947292.0,24.36,75.31
2022,Bali,Kab. Badung,16.0,33.9,11.1,28.4,2.6,2.1,0.67,0.9,4.33,32733.0,11947458.0,45.77,49.9
2022,Bali,Kab. Gianyar,40.5,14.21,11.75,17.59,3.2,2.58,1.95,2.27,7.12,53890.0,19669850.0,39.34,54.71
2022,Bali,Kab. Klungkung,29.0,41.0,4.0,14.0,1.0,2.58,7.0,2.27,4.0,10313.0,3764355.0,30.849999999999998,70.0
2022,Bali,Kab. Bangli,13.0,69.0,1.8,5.5,3.4,0.01,1.03,3.2,3.06,11188.0,4083605.0,14.939999999999998,82.0
2022,Bali,Kab. Karangasem,59.0,10.0,18.0,8.0,1.0,1.0,1.0,1.0,1.0,31154.0,11371183.0,30.0,69.0
2022,Bali,Kab. Buleleng,4.0,68.41,6.69,14.69,0.23,1.79,0.52,0.77,2.9,39256.0,14328367.0,24.689999999999998,72.41
2022,Bali,Kota Denpasar,6.57,69.85,6.34,8.21,1.52,0.47,0.55,1.12,5.37,86661.0,31631265.0,18.21,76.41999999999999
2022,Nusa Tenggara Barat,Kab. Lombok Barat,20.0,11.4,19.3,0.78,9.7,0.3,7.6,0.1,9.0,28859.0,10533608.0,37.78,31.4
2022,Nusa Tenggara Barat,Kab. Lombok Tengah,55.0,14.21,9.0,13.0,10.0,2.58,1.95,2.27,13.0,41990.0,15326350.0,38.800000000000004,69.21000000000001
2022,Nusa Tenggara Barat,Kab. Lombok Timur,36.0,23.0,3.5,19.0,7.0,4.0,3.0,4.0,0.5,53756.0,19620955.0,40.5,59.0
2022,Nusa Tenggara Barat,Kab. Sumbawa,38.21,8.18,12.19,20.34,2.36,0.51,0.68,4.28,13.25,25978.0,9482043.0,40.36,46.39
2022,Nusa Tenggara Barat,Kab. Bima,40.0,5.0,5.0,20.0,3.2,2.58,1.95,2.27,30.0,27699.0,10110208.0,35.00000000000001,45.0
2022,Nusa Tenggara Barat,Kab. Lombok Utara,60.0,5.0,5.0,15.0,5.0,2.0,2.0,2.0,4.0,10259.0,3744608.0,31.0,65.0
2022,Nusa Tenggara Barat,Kota Mataram,40.5,14.21,11.75,17.59,3.2,2.58,1.95,2.27,7.12,26421.0,9643687.0,39.34,54.71
2022,Nusa Tenggara Barat,Kota Bima,34.0,22.0,7.0,20.0,6.0,5.0,2.0,4.0,7.12,8271.0,3018937.0,44.0,56.0
2022,Nusa Tenggara Timur,Kab. Manggarai Barat,20.0,25.0,15.0,28.0,3.0,2.0,1.95,5.0,2.0,8486.0,3097244.0,54.95,45.0
2022,Nusa Tenggara Timur,Kota Kupang,28.5,16.5,14.0,20.5,5.0,3.0,1.5,2.5,8.5,22793.0,8319263.0,46.5,45.0
2022,Kalimantan Barat,Kab. Sambas,40.0,5.6,14.2,25.0,0.3,1.0,0.9,2.0,11.0,31812.0,11611200.0,43.4,45.6
2022,Kalimantan Barat,Kab. Mempawah,1.0,8.1,1.6,13.4,15.1,2.58,8.3,2.27,52.5,8403.0,3066965.0,43.25000000000001,9.1
2022,Kalimantan Barat,Kab. Sanggau,40.5,14.21,11.75,17.59,3.2,2.58,1.95,2.27,7.12,24614.0,8984183.0,39.34,54.71
2022,Kalimantan Barat,Kab. Kapuas Hulu,44.77,1.32,12.8,28.62,2.2,1.51,2.56,2.29,3.93,13333.0,4866381.0,49.980000000000004,46.09
2022,Kalimantan Barat,Kota Pontianak,12.0,14.21,11.75,17.59,3.2,2.58,1.95,2.27,7.12,40154.0,14656071.0,39.34,26.21
2022,Kalimantan Barat,Kota Singkawang,76.0,14.21,8.4,7.8,3.6,2.58,1.95,2.27,4.2,9397.0,3429793.0,26.6,90.21000000000001
2022,Kalimantan Tengah,Kab. Kapuas,40.5,14.21,11.75,17.59,3.2,2.58,1.95,2.27,7.12,21161.0,7723583.0,39.34,54.71
2022,Kalimantan Tengah,Kab. Barito Selatan,80.0,12.0,4.0,1.0,1.0,1.0,1.95,2.27,1.0,6696.0,2443967.0,11.219999999999999,92.0
2022,Kalimantan Tengah,Kab. Barito Utara,30.0,12.0,14.0,20.0,5.0,5.0,2.0,2.0,10.0,6193.0,2260387.0,48.0,42.0
2022,Kalimantan Tengah,Kab. Seruyan,30.0,15.0,10.5,25.0,2.0,1.5,5.0,2.5,8.5,8219.0,2999935.0,46.5,45.0
2022,Kalimantan Tengah,Kab. Gunung Mas,18.0,10.0,10.0,50.0,3.0,0.5,2.0,1.0,5.5,10153.0,3705836.0,66.5,28.0
2022,Kalimantan Tengah,Kab. Pulang Pisau,23.51,26.74,13.31,25.13,3.19,2.41,0.83,1.79,3.09,6834.0,2494574.0,46.65999999999999,50.25
2022,Kalimantan Tengah,Kab. Murung Raya,20.0,10.0,10.0,25.0,2.0,8.0,4.0,5.0,16.0,5573.0,2033981.0,54.0,30.0
2022,Kalimantan Tengah,Kab. Barito Timur,32.0,9.0,7.0,37.0,1.0,5.0,6.5,1.2,1.3,4602.0,1679832.0,57.7,41.0
2022,Kalimantan Tengah,Kota Palangkaraya,42.05,4.33,8.54,19.49,1.28,2.36,2.18,2.04,17.73,15191.0,5544806.0,35.89,46.379999999999995
2022,Kalimantan Selatan,Kab. Tanah Laut,40.5,14.21,11.75,17.59,3.2,2.58,1.95,2.27,7.12,14194.0,5180737.0,39.34,54.71
2022,Kalimantan Selatan,Kab. Kotabaru,52.5,2.3,5.6,23.1,0.8,1.6,0.7,1.6,11.8,18122.0,6614351.0,33.400000000000006,54.8
2022,Kalimantan Selatan,Kab. Banjar,40.5,14.21,11.75,17.59,3.2,2.58,1.95,2.27,7.12,40849.0,14909733.0,39.34,54.71
2022,Kalimantan Selatan,Kab. Barito Kuala,59.5,9.5,10.5,12.0,3.1,1.9,0.5,2.0,1.0,9638.0,3517983.0,30.0,69.0
2022,Kalimantan Selatan,Kab. Tapin,40.5,14.21,11.75,17.59,3.2,2.58,1.95,2.27,7.12,8210.0,2996679.0,39.34,54.71
2022,Kalimantan Selatan,Kab. Hulu Sungai Selatan,55.18,1.48,13.13,25.35,2.9,0.46,0.9,0.4,0.2,9679.0,3533010.0,43.14,56.66
2022,Kalimantan Selatan,Kab. Hulu Sungai Tengah,40.5,14.21,11.75,17.59,3.2,2.58,1.95,2.27,7.12,10430.0,3807008.0,39.34,54.71
2022,Kalimantan Selatan,Kab. Tabalong,36.0,2.0,17.0,24.0,1.0,3.0,1.0,3.0,13.0,10276.0,3750784.0,49.0,38.0
2022,Kalimantan Selatan,Kab. Tanah Bumbu,64.04,4.23,3.2,12.3,2.1,2.2,1.24,2.23,8.46,16642.0,6074348.0,23.27,68.27000000000001
2022,Kalimantan Selatan,Kab. Balangan,57.46,10.24,10.95,14.62,2.06,1.67,0.72,1.2,1.08,5637.0,2057625.0,31.219999999999995,67.7
2022,Kalimantan Selatan,Kota Banjarbaru,40.5,51.24,0.43,32.35,0.86,0.0,1.95,0.52,14.6,18378.0,6707971.0,36.11000000000001,91.74000000000001
2022,Kalimantan Timur,Kab. Paser,54.99,0.22,10.2,13.64,1.38,13.56,1.2,3.52,1.29,11863.0,4330097.0,43.50000000000001,55.21
2022,Kalimantan Timur,Kab. Kutai Kartanegara,73.92,0.98,10.43,7.86,2.04,1.57,0.55,1.75,0.9,31377.0,11452475.0,24.2,74.9
2022,Kalimantan Timur,Kab. Berau,55.39,1.28,3.74,26.47,9.63,0.2,0.2,0.99,2.1,13644.0,4980188.0,41.23000000000001,56.67
2022,Kalimantan Timur,Kab. Kutai Barat,40.5,14.21,11.75,17.59,3.2,2.58,1.95,2.27,7.12,7024.0,2563906.0,39.34,54.71
2022,Kalimantan Timur,Kab. Kutai Timur,42.0,20.0,8.0,23.0,3.0,1.0,1.0,1.0,1.0,21281.0,7767437.0,37.0,62.0
2022,Kalimantan Timur,Kab. Penajam Paser Utara,46.13,1.09,20.87,29.83,0.22,0.02,0.67,0.83,0.34,9598.0,3503398.0,52.440000000000005,47.220000000000006
2022,Kalimantan Timur,Kab. Mahakam Ulu,50.0,5.0,8.0,30.0,3.0,1.0,1.0,1.0,1.0,1530.0,558464.0,44.0,55.0
2022,Kalimantan Timur,Kota Balikpapan,42.3,6.36,10.26,7.2,3.87,2.94,0.98,6.56,19.53,51473.0,18787503.0,31.810000000000002,48.66
2022,Kalimantan Timur,Kota Samarinda,53.39,7.0,17.0,19.9,0.65,0.62,0.06,0.92,0.46,58725.0,21434789.0,39.15,60.39
2022,Kalimantan Timur,Kota Bontang,44.12,6.0,27.5,18.0,2.1,0.03,0.25,1.05,0.95,10424.0,3804640.0,48.93,50.12
2022,Kalimantan Utara,Kab. Nunukan,46.4,8.2,23.4,21.3,0.2,0.2,0.1,0.1,0.1,4268.0,1557681.0,45.30000000000001,54.599999999999994
2022,Kalimantan Utara,Kab. Tana Tidung,40.5,14.21,11.75,17.59,3.2,2.58,1.95,2.27,7.12,1419.0,517789.0,39.34,54.71
2022,Sulawesi Utara,Kab. Bolaang Mongondow,49.98,14.52,8.5,10.8,4.05,3.33,2.9,2.32,3.6,12524.0,4571224.0,31.9,64.5
2022,Sulawesi Utara,Kab. Minahasa,40.5,14.21,11.75,17.59,3.2,2.58,1.95,2.27,7.12,17434.0,6363282.0,39.34,54.71
2022,Sulawesi Utara,Kab. Kepulauan Sangihe,45.1,6.89,5.2,32.0,0.4,3.3,0.5,2.0,4.61,5587.0,2039386.0,43.4,51.99
2022,Sulawesi Utara,Kab. Minahasa Selatan,20.0,12.0,12.0,36.0,4.0,4.0,5.0,2.0,5.0,9459.0,3452360.0,63.0,32.0
2022,Sulawesi Utara,Kab. Minahasa Utara,45.55,15.5,13.65,16.35,1.25,1.55,2.35,2.35,1.45,11812.0,4311417.0,37.5,61.05
2022,Sulawesi Utara,Kab. Minahasa Tenggara,40.5,14.21,11.75,17.59,3.2,2.58,1.95,2.27,7.12,4614.0,1684095.0,39.34,54.71
2022,Sulawesi Utara,Kab. Bolaang Mongondow Utara,30.0,25.0,5.0,30.0,1.0,5.0,1.0,3.0,7.12,3466.0,1265186.0,45.0,55.0
2022,Sulawesi Utara,Kab. Kep. Siau Tagulandang Biaro,25.0,10.0,20.0,30.0,4.0,5.0,3.0,3.0,7.12,2952.0,1077655.0,65.0,35.0
2022,Sulawesi Utara,Kab. Bolaang Mongondow Timur,1.0,20.0,3.0,5.0,3.2,2.0,1.0,3.0,65.0,3692.0,1347624.0,17.2,21.0
2022,Sulawesi Utara,Kab. Bolaang Mongondow Selatan,7.0,35.0,5.0,7.0,3.0,9.0,4.0,3.0,27.0,2891.0,1055346.0,31.0,42.0
2022,Sulawesi Utara,Kota Manado,47.7,1.14,18.66,19.48,0.26,1.54,1.49,1.85,7.88,29107.0,10624106.0,43.28,48.84
2022,Sulawesi Utara,Kota Bitung,50.2,2.05,16.03,15.07,0.36,1.48,1.37,1.83,11.61,15906.0,5805522.0,36.13999999999999,52.25
2022,Sulawesi Utara,Kota Tomohon,40.5,14.21,11.75,17.59,3.2,2.58,1.95,2.27,7.12,5071.0,1851043.0,39.34,54.71
2022,Sulawesi Utara,Kota Kotamobagu,53.5,5.0,11.8,8.5,5.7,3.6,2.6,2.8,6.5,8620.0,3146380.0,35.0,58.5
2022,Sulawesi Tengah,Kab. Banggai,33.0,12.0,21.0,15.0,6.0,3.0,2.0,2.0,6.0,18840.0,6876746.0,49.0,45.0
2022,Sulawesi Tengah,Kab. Donggala,35.0,10.0,20.0,13.0,6.0,3.0,3.0,3.0,7.0,12119.0,4423289.0,48.0,45.0
2022,Sulawesi Tengah,Kab. Morowali,2.2,3.0,2.5,8.88,3.1,1.5,2.0,0.2,3.0,8396.0,3064358.0,18.18,5.2
2022,Sulawesi Tengah,Kab. Parigi Moutong,40.5,14.21,11.75,17.59,3.2,2.58,1.95,2.27,7.12,22625.0,8258253.0,39.34,54.71
2022,Sulawesi Tengah,Kab. Sigi,40.5,14.21,11.75,17.59,3.2,2.58,1.95,2.27,7.12,12879.0,4700835.0,39.34,54.71
2022,Sulawesi Tengah,Kab. Banggai Laut,40.5,14.21,11.75,17.59,3.2,2.58,1.95,2.27,7.12,3712.0,1354990.0,39.34,54.71
2022,Sulawesi Tengah,Kab. Morowali Utara,40.5,14.21,11.75,17.59,3.2,2.58,1.95,2.27,7.12,6112.0,2230880.0,39.34,54.71
2022,Sulawesi Tengah,Kota Palu,70.96,0.77,9.44,10.43,1.9,1.06,0.6,0.59,4.25,20294.0,7407365.0,24.019999999999996,71.72999999999999
2022,Sulawesi Selatan,Kab. Kepulauan Selayar,50.0,8.17,15.0,15.0,4.9,2.6,3.5,0.5,0.33,5519.0,2014420.0,41.5,58.17
2022,Sulawesi Selatan,Kab. Bulukumba,40.5,14.21,11.75,17.59,3.2,2.58,1.95,2.27,7.12,17892.0,6530463.0,39.34,54.71
2022,Sulawesi Selatan,Kab. Bantaeng,30.13,27.5,11.0,14.0,1.24,3.0,2.0,1.13,10.0,8099.0,2956237.0,32.37,57.629999999999995
2022,Sulawesi Selatan,Kab. Jeneponto,28.0,17.0,9.5,19.5,5.5,1.5,4.0,2.0,13.0,16220.0,5920417.0,42.0,45.0
2022,Sulawesi Selatan,Kab. Sinjai,31.5,13.0,31.09,14.68,8.2,0.87,0.44,0.08,0.14,10773.0,3931984.0,55.35999999999999,44.5
2022,Sulawesi Selatan,Kab. Bone,52.3,1.0,10.1,10.7,3.1,0.5,1.1,1.1,20.1,40580.0,14811518.0,26.6,53.3
2022,Sulawesi Selatan,Kab. Maros,75.42,9.85,3.18,6.69,2.21,0.11,0.14,0.12,2.28,16151.0,5895100.0,12.450000000000001,85.27
2022,Sulawesi Selatan,Kab. Pangkajene Kepulauan,63.13,10.83,8.99,7.29,6.5,0.72,0.19,1.55,0.8,14118.0,5153055.0,25.240000000000002,73.96000000000001
2022,Sulawesi Selatan,Kab. Barru,60.0,10.0,6.0,15.0,2.0,1.0,1.0,1.0,4.0,7621.0,2781723.0,26.0,70.0
2022,Sulawesi Selatan,Kab. Soppeng,42.0,17.0,11.0,21.0,3.16,0.5,4.24,0.15,0.95,9423.0,3439380.0,40.05,59.0
2022,Sulawesi Selatan,Kab. Wajo,41.1,17.34,7.1,17.03,2.03,3.9,6.49,2.9,2.11,15186.0,5542846.0,39.45,58.44
2022,Sulawesi Selatan,Kab. Sidenreng Rappang,56.0,9.6,6.2,6.6,4.5,3.6,4.2,4.4,4.9,12928.0,4718632.0,29.5,65.6
2022,Sulawesi Selatan,Kab. Pinrang,10.0,10.0,40.0,10.0,10.0,5.0,5.0,5.0,5.0,18044.0,6586177.0,75.0,20.0
2022,Sulawesi Selatan,Kab. Enrekang,40.5,14.21,11.75,17.59,3.2,2.58,1.95,2.27,7.12,11436.0,4174067.0,39.34,54.71
2022,Sulawesi Selatan,Kab. Luwu Timur,40.0,10.0,25.0,15.0,3.0,1.0,2.0,2.0,2.0,12020.0,4387461.0,48.0,50.0
2022,Sulawesi Selatan,Kab. Toraja Utara,40.5,14.21,11.75,17.59,3.2,2.58,1.95,2.27,7.12,15849.0,5784776.0,39.34,54.71
2022,Sulawesi Selatan,Kota Parepare,52.2,11.4,11.8,12.2,2.7,1.9,2.25,2.85,2.7,7778.0,2838897.0,33.699999999999996,63.6
2022,Sulawesi Selatan,Kota Palopo,30.0,20.0,20.0,20.0,8.0,2.58,1.95,2.27,2.0,9367.0,3418791.0,54.800000000000004,50.0
2022,Sulawesi Tenggara,Kab. Kolaka,65.0,5.0,10.0,10.0,5.0,1.0,1.0,2.0,1.0,12061.0,4402160.0,29.0,70.0
2022,Sulawesi Tenggara,Kab. Wakatobi,40.0,7.0,8.0,30.0,5.0,3.0,2.0,2.0,3.0,8070.0,2945557.0,50.0,47.0
2022,Sulawesi Tenggara,Kab. Kolaka Utara,3.0,1.0,2.0,2.0,1.0,1.0,1.0,1.0,7.12,5573.0,2034057.0,8.0,4.0
2022,Sulawesi Tenggara,Kab. Buton Selatan,65.83,3.36,4.52,12.48,1.44,3.79,1.95,1.89,4.74,2199.0,802671.0,26.07,69.19
2022,Sulawesi Tenggara,Kota Kendari,43.65,17.44,16.78,17.25,1.54,0.72,1.06,1.16,0.4,26980.0,9847688.0,38.51,61.09
2022,Sulawesi Tenggara,Kota Bau Bau,4.27,6.1,11.75,0.61,3.2,2.58,1.95,2.27,87.82,8198.0,2992325.0,22.36,10.37
2022,Gorontalo,Kab. Gorontalo,65.0,13.0,14.0,1.0,1.0,1.0,1.0,1.0,3.0,15825.0,5776271.0,19.0,78.0
2022,Gorontalo,Kab. Bone Bolango,31.35,28.54,16.41,19.9,2.5,2.58,1.95,1.3,7.12,4986.0,1819890.0,44.64,59.89
2022,Gorontalo,Kab. Pohuwato,13.2,10.3,32.3,35.8,3.2,2.58,1.95,2.1,6.3,5908.0,2156259.0,77.92999999999999,23.5
2022,Gorontalo,Kota Gorontalo,17.0,20.0,10.0,36.0,2.0,3.0,5.0,7.0,7.12,14150.0,5164651.0,63.0,37.0
2022,Sulawesi Barat,Kab. Mamuju,40.5,14.21,11.75,17.59,3.2,2.58,1.95,2.27,7.12,14093.0,5143836.0,39.34,54.71
2022,Sulawesi Barat,Kab. Majene,40.5,14.21,11.75,17.59,3.2,2.58,1.95,2.27,7.12,7096.0,2589894.0,39.34,54.71
2022,Sulawesi Barat,Kab. Mamuju Tengah,40.5,14.21,11.75,17.59,3.2,2.58,1.95,2.27,7.12,5495.0,2005748.0,39.34,54.71
2022,Maluku,Kab. Maluku Tengah,40.5,14.21,2.7,22.5,3.2,2.58,1.95,2.27,0.06,16989.0,6201058.0,35.2,54.71
2022,Maluku,Kab. Buru Selatan,39.0,18.0,14.0,22.0,1.0,1.0,1.0,1.0,3.0,3111.0,1135530.0,40.0,57.0
2022,Maluku Utara,Kab. Halmahera Utara,49.86,15.9,12.79,13.34,0.84,4.19,0.89,2.08,0.11,13835.0,5049702.0,34.129999999999995,65.76
2022,Maluku Utara,Kota Tidore Kepulauan,40.5,14.21,11.75,17.59,3.2,2.58,1.95,2.27,7.12,4631.0,1690446.0,39.34,54.71
2022,Papua,Kab. Jayapura,43.0,5.0,22.0,24.5,3.5,2.58,1.95,2.27,7.12,8592.0,3136025.0,56.800000000000004,48.0
2022,Papua,Kab. Kepulauan Yapen,40.5,14.21,11.75,17.59,3.2,2.58,1.95,2.27,7.12,4597.0,1677978.0,39.34,54.71
2022,Papua,Kab. Biak Numfor,12.74,39.29,22.38,11.64,10.48,0.01,0.13,3.33,7.12,5872.0,2143455.0,47.97,52.03
2022,Papua,Kab. Sarmi,40.5,14.21,11.75,17.59,3.2,2.58,1.95,2.27,7.12,1674.0,610995.0,39.34,54.71
2022,Papua,Kab. Waropen,10.0,15.0,20.0,20.0,10.0,5.0,10.0,5.0,5.0,1448.0,528520.0,70.0,25.0
2022,Papua,Kota Jayapura,40.5,14.21,11.75,17.59,3.2,2.58,1.95,2.27,7.12,21789.0,7952832.0,39.34,54.71
2022,Papua Barat,Kab. Manokwari,44.0,14.21,11.0,26.0,3.2,2.58,1.95,2.27,19.0,16336.0,5962783.0,47.00000000000001,58.21
2022,Papua Barat,Kab. Teluk Wondama,40.5,14.21,11.75,17.59,3.2,2.58,1.95,2.27,7.12,1835.0,669717.0,39.34,54.71
2022,Papua Barat,Kab. Kaimana,10.0,15.0,20.0,25.0,10.0,5.0,10.0,5.0,7.12,2545.0,929042.0,75.0,25.0
2022,Papua Selatan,Kab. Merauke,45.2,17.7,11.5,19.6,0.7,1.8,0.5,0.9,2.1,9294.0,3392412.0,35.0,62.900000000000006
2022,Papua Selatan,Kab. Boven Digoel,15.0,13.0,20.0,15.0,1.0,5.0,2.0,10.0,19.0,2608.0,951818.0,53.0,28.0
2022,Papua Selatan,Kab. Asmat,20.0,11.8,15.0,40.0,4.0,2.4,3.0,1.8,2.0,4555.0,1662429.0,66.2,31.8
2022,Papua Tengah,Kab. Mimika,40.5,14.21,11.75,17.59,3.2,2.58,1.95,2.27,7.12,15820.0,5774209.0,39.34,54.71
2022,Papua Barat Daya,Kab. Sorong,40.5,14.21,11.75,17.59,3.2,2.58,1.95,2.27,7.12,4976.0,1816269.0,39.34,54.71
2021,Aceh,Kab. Aceh Selatan,29.23,12.38,12.09,16.24,6.51,6.42,3.43,6.12,7.58,9459.0,3452710.0,50.809999999999995,41.61
2021,Aceh,Kab. Gayo Lues,40.0,14.0,12.0,17.0,3.0,3.0,2.0,2.0,7.0,4043.0,1475724.0,39.0,54.0
2021,Aceh,Kota Banda Aceh,30.4,17.3,11.1,16.6,1.0,3.5,3.0,3.0,14.1,24867.0,9076586.0,38.2,47.7
2021,Aceh,Kota Sabang,26.5,16.6,10.5,22.6,6.1,4.3,4.3,3.7,5.4,1683.0,614164.0,51.5,43.1
2021,Aceh,Kota Langsa,18.0,21.0,9.0,10.0,14.0,10.0,7.0,7.0,4.0,9283.0,3388332.0,57.0,39.0
2021,Aceh,Kota Subulussalam,30.0,10.0,15.0,15.0,2.0,8.0,3.0,2.0,15.0,4529.0,1652921.0,45.0,40.0
2021,Sumatera Utara,Kab. Tapanuli Tengah,54.6,0.01,11.39,13.15,0.37,3.28,0.84,1.59,14.77,18259.0,6664480.0,30.62,54.61
2021,Sumatera Utara,Kab. Tapanuli Utara,40.5,14.21,11.75,17.59,3.2,6.0,1.95,10.5,7.12,12822.0,4679913.0,50.99,54.71
2021,Sumatera Utara,Kab. Langkat,37.0,31.0,24.4,7.0,0.2,0.2,0.2,2.27,7.12,51969.0,18968576.0,34.269999999999996,68.0
2021,Sumatera Utara,Kab. Karo,10.9,8.25,9.0,11.37,6.25,11.0,1.7,8.5,33.03,22680.0,8278159.0,47.82,19.15
2021,Sumatera Utara,Kab. Deli Serdang,20.5,24.0,13.8,20.2,6.0,5.0,3.0,2.0,5.5,111816.0,40812986.0,50.0,44.5
2021,Sumatera Utara,Kab. Simalungun,0.53,22.63,28.29,19.58,11.4,0.04,0.05,8.16,9.32,51906.0,18945690.0,67.52,23.16
2021,Sumatera Utara,Kab. Asahan,40.5,14.21,11.75,17.59,3.2,2.58,1.95,2.27,7.12,46658.0,17030009.0,39.34,54.71
2021,Sumatera Utara,Kab. Toba,40.5,14.21,11.75,17.59,3.2,2.58,1.95,2.27,7.12,8540.0,3117085.0,39.34,54.71
2021,Sumatera Utara,Kota Medan,40.0,5.0,15.0,15.0,7.0,3.0,3.0,2.0,10.0,176716.0,64501256.0,45.0,45.0
2021,Sumatera Utara,Kota Pematang Siantar,45.0,6.0,12.0,10.0,5.0,3.0,4.0,4.0,11.0,23302.0,8505200.0,38.0,51.0
2021,Sumatera Utara,Kota Tebing Tinggi,62.7,1.73,11.43,16.65,0.73,2.6,0.71,1.83,1.62,12350.0,4507761.0,33.949999999999996,64.43
2021,Sumatera Barat,Kab. Pesisir Selatan,20.4,19.6,23.0,19.0,16.0,0.42,1.58,2.27,7.12,15133.0,5523377.0,62.27,40.0
2021,Sumatera Barat,Kab. Tanah Datar,69.34,14.21,8.63,6.0,2.24,1.57,1.95,3.33,8.89,12824.0,4680683.0,23.72,83.55000000000001
2021,Sumatera Barat,Kab. Agam,40.5,14.21,11.75,17.59,3.2,2.58,1.95,2.27,7.12,21483.0,7841295.0,39.34,54.71
2021,Sumatera Barat,Kab. Lima Puluh Kota,40.5,14.21,11.75,17.59,3.2,2.58,1.95,2.27,7.12,15423.0,5629541.0,39.34,54.71
2021,Sumatera Barat,Kab. Pasaman,40.5,14.21,11.75,17.59,3.2,2.58,1.95,2.27,7.12,12124.0,4425304.0,39.34,54.71
2021,Sumatera Barat,Kab. Dharmasraya,40.5,14.21,40.0,29.0,27.0,2.58,1.95,2.27,7.12,10250.0,3741162.0,102.8,54.71
2021,Sumatera Barat,Kab. Solok Selatan,34.25,0.78,16.35,25.69,0.13,0.59,0.55,2.41,19.25,7394.0,2698810.0,45.72000000000001,35.03
2021,Sumatera Barat,Kota Padang,62.8,6.84,5.7,12.4,0.19,3.3,1.5,2.4,4.87,63941.0,23338596.0,25.490000000000002,69.64
2021,Sumatera Barat,Kota Solok,45.66,11.37,10.01,22.02,0.62,0.52,0.19,1.2,8.41,5387.0,1966302.0,34.56,57.029999999999994
2021,Sumatera Barat,Kota Sawahlunto,40.5,14.21,11.75,17.59,3.2,2.58,1.95,2.27,7.12,1875.0,684352.0,39.34,54.71
2021,Sumatera Barat,Kota Padang Panjang,43.15,23.56,14.35,12.67,1.5,0.95,0.8,1.19,1.83,4800.0,1751942.0,31.46,66.71
2021,Sumatera Barat,Kota Payakumbuh,51.62,7.43,11.42,21.54,0.65,1.56,0.57,0.87,4.34,9880.0,3606306.0,36.61,59.05
2021,Riau,Kab. Indragiri Hilir,65.0,2.0,2.0,30.0,3.2,1.0,1.95,2.27,7.12,46062.0,16812539.0,40.42000000000001,67.0
2021,Riau,Kab. Siak,39.0,15.0,10.0,26.0,1.0,2.0,2.0,3.0,2.0,19107.0,6973982.0,44.0,54.0
2021,Riau,Kota Pekanbaru,59.0,3.0,12.0,10.0,2.0,1.0,1.0,1.0,11.0,96749.0,35313389.0,27.0,62.0
2021,Riau,Kota Dumai,45.75,7.25,5.67,8.45,2.75,3.75,4.15,3.65,18.58,16173.0,5902999.0,28.419999999999995,53.0
2021,Jambi,Kab. Merangin,40.0,5.0,11.0,5.0,30.0,1.0,5.0,1.0,2.0,19875.0,7254503.0,53.0,45.0
2021,Jambi,Kab. Bungo,60.5,4.1,14.1,5.9,1.8,1.5,5.15,1.0,5.95,15540.0,5672246.0,29.450000000000003,64.6
2021,Jambi,Kota Jambi,16.11,23.84,7.38,44.07,0.89,0.57,1.23,0.3,5.61,43317.0,15810698.0,54.44,39.95
2021,Sumatera Selatan,Kab. Muara Enim,61.02,8.07,7.38,17.18,1.14,1.33,0.36,0.31,3.21,40674.0,14845904.0,27.7,69.09
2021,Sumatera Selatan,Kab. Lahat,50.0,15.0,5.0,15.0,5.0,2.58,1.95,5.0,5.0,30784.0,11236175.0,34.53,65.0
2021,Sumatera Selatan,Kab. Musi Banyuasin,50.0,10.0,10.0,10.0,10.0,1.0,5.0,3.0,1.0,24888.0,9084208.0,39.0,60.0
2021,Sumatera Selatan,Kab. Ogan Komering Ulu Timur,12.0,9.0,22.0,27.0,3.0,5.0,3.0,2.0,17.0,28008.0,10222832.0,62.0,21.0
2021,Sumatera Selatan,Kota Palembang,56.9,5.4,15.1,17.5,0.5,2.7,0.3,0.8,0.8,118025.0,43079165.0,36.9,62.3
2021,Sumatera Selatan,Kota Prabumulih,52.5,9.8,5.6,24.6,2.0,1.8,0.8,1.7,1.2,9706.0,3542654.0,36.5,62.3
2021,Bengkulu,Kab. Seluma,45.0,35.0,7.0,8.0,4.0,0.5,1.95,0.5,7.12,10676.0,3896612.0,21.95,80.0
2021,Lampung,Kab. Lampung Tengah,5.0,40.0,4.0,48.0,3.2,2.0,1.95,1.0,7.12,47317.0,17270786.0,60.150000000000006,45.0
2021,Lampung,Kab. Tanggamus,36.32,22.03,8.92,16.8,4.07,3.08,2.58,4.86,1.34,24598.0,8978328.0,40.309999999999995,58.35
2021,Lampung,Kab. Way Kanan,0.6,0.19,0.04,0.08,0.04,0.02,0.02,0.01,0.0,19188.0,7003649.0,0.21,0.79
2021,Lampung,Kab. Pringsewu,33.0,15.0,5.0,6.0,15.0,2.58,1.95,3.0,23.0,16273.0,5939616.0,33.53,48.0
2021,Lampung,Kota Bandar Lampung,40.4,12.9,11.7,17.4,3.1,2.5,1.8,2.3,7.9,77022.0,28112915.0,38.79999999999999,53.3
2021,Lampung,Kota Metro,56.47,6.24,9.4,24.07,0.56,1.25,0.27,0.88,0.86,10387.0,3791284.0,36.43000000000001,62.71
2021,Kepulauan Bangka Belitung,Kab. Bangka,39.85,13.96,12.07,16.97,3.37,2.69,1.98,2.31,6.8,13051.0,4763469.0,39.38999999999999,53.81
2021,Kepulauan Bangka Belitung,Kab. Belitung,0.75,40.0,2.0,30.0,2.5,3.0,3.0,5.0,13.75,7269.0,2653331.0,45.5,40.75
2021,Kepulauan Bangka Belitung,Kab. Bangka Selatan,17.77,29.46,10.04,12.01,14.97,3.84,3.98,4.99,2.94,8013.0,2924745.0,49.83,47.230000000000004
2021,Kepulauan Bangka Belitung,Kab. Bangka Tengah,41.9,8.5,3.8,14.4,3.8,4.9,0.0,5.6,17.1,8117.0,2962705.0,32.5,50.4
2021,Kepulauan Bangka Belitung,Kota Pangkal Pinang,51.9,13.6,7.2,13.5,2.2,3.1,2.0,1.6,4.9,16000.0,5839938.0,29.6,65.5
2021,Kepulauan Riau,Kab. Bintan,37.66,5.4,23.89,14.0,0.7,5.25,4.6,3.0,5.5,5569.0,2032642.0,51.440000000000005,43.059999999999995
2021,Kepulauan Riau,Kab. Karimun,23.0,19.0,24.0,24.5,4.0,2.5,1.5,1.2,0.3,18162.0,6628999.0,57.7,42.0
2021,Kepulauan Riau,Kota Tanjung Pinang,40.5,14.21,11.75,17.59,3.2,2.58,1.95,2.27,7.12,15169.0,5536632.0,39.34,54.71
2021,DKI Jakarta,Kab. Adm. Kep. Seribu,40.5,14.21,11.75,17.59,3.2,2.58,1.95,2.27,7.12,1762.0,642948.0,39.34,54.71
2021,DKI Jakarta,Kota Adm. Jakarta Pusat,40.5,14.21,11.75,17.59,3.2,2.58,1.95,2.27,7.12,84739.0,30929818.0,39.34,54.71
2021,DKI Jakarta,Kota Adm. Jakarta Utara,40.5,14.21,11.75,17.59,3.2,2.58,1.95,2.27,7.12,135467.0,49445486.0,39.34,54.71
2021,DKI Jakarta,Kota Adm. Jakarta Barat,40.5,14.21,11.75,17.59,3.2,2.58,1.95,2.27,7.12,199751.0,72909261.0,39.34,54.71
2021,DKI Jakarta,Kota Adm. Jakarta Selatan,40.5,14.21,11.75,17.59,3.2,2.58,1.95,2.27,7.12,193754.0,70720135.0,39.34,54.71
2021,DKI Jakarta,Kota Adm. Jakarta Timur,40.5,14.21,11.75,17.59,3.2,2.58,1.95,2.27,7.12,229304.0,83696137.0,39.34,54.71
2021,Jawa Barat,Kab. Bandung,40.5,14.21,11.75,17.59,3.2,2.58,1.95,2.27,7.12,126833.0,46293917.0,39.34,54.71
2021,Jawa Barat,Kab. Garut,59.3,14.21,6.3,20.5,1.0,2.6,1.95,3.4,6.9,112006.0,40882179.0,35.75,73.50999999999999
2021,Jawa Barat,Kab. Ciamis,34.4,0.4,15.0,15.0,10.7,6.4,1.7,16.1,0.3,57210.0,20881825.0,64.9,34.8
2021,Jawa Barat,Kab. Cirebon,40.5,14.21,11.75,17.59,3.2,2.58,1.95,2.27,7.12,123712.0,45154960.0,39.34,54.71
2021,Jawa Barat,Kab. Sumedang,20.0,5.0,15.0,40.0,3.0,3.0,2.0,2.0,10.0,44236.0,16146289.0,65.0,25.0
2021,Jawa Barat,Kab. Indramayu,27.0,6.4,25.0,35.8,1.0,1.8,0.8,0.7,1.5,110262.0,40245525.0,65.1,33.4
2021,Jawa Barat,Kota Bogor,40.0,14.0,20.0,15.0,1.0,2.5,0.5,1.0,6.0,67376.0,24592233.0,40.0,54.0
2021,Jawa Barat,Kota Sukabumi,59.35,14.21,9.08,12.61,0.42,0.9,1.95,0.6,17.04,18026.0,6579565.0,25.56,73.56
2021,Jawa Barat,Kota Bandung,44.52,3.98,13.12,16.7,0.9,4.75,2.38,1.97,11.68,159255.0,58128003.0,39.82,48.5
2021,Jawa Barat,Kota Cirebon,49.22,11.76,5.56,19.01,0.71,1.76,0.58,1.43,9.97,20447.0,7463155.0,29.05,60.98
2021,Jawa Barat,Kota Bekasi,65.2,7.2,4.2,15.6,0.2,6.3,0.5,0.5,0.3,237599.0,86723675.0,27.3,72.4
2021,Jawa Barat,Kota Depok,62.95,0.57,6.1,21.36,0.14,0.57,0.5,0.57,7.24,131414.0,47966075.0,29.240000000000002,63.52
2021,Jawa Barat,Kota Cimahi,40.5,50.6,8.6,15.6,3.1,5.3,1.95,3.0,13.8,27477.0,10028942.0,37.550000000000004,91.1
2021,Jawa Tengah,Kab. Cilacap,57.67,10.63,9.71,16.42,1.33,1.25,0.51,0.65,1.83,94359.0,34440904.0,29.87,68.3
2021,Jawa Tengah,Kab. Banyumas,36.0,6.0,6.0,30.0,9.0,5.0,3.0,5.0,7.12,53523.0,19535775.0,58.0,42.0
2021,Jawa Tengah,Kab. Purbalingga,60.51,2.2,8.91,18.35,0.71,2.34,5.18,0.88,0.92,50571.0,18458506.0,36.370000000000005,62.71
2021,Jawa Tengah,Kab. Purworejo,3.0,67.0,6.0,9.0,4.0,0.5,0.3,1.0,8.2,28882.0,10542018.0,20.8,70.0
2021,Jawa Tengah,Kab. Wonosobo,40.5,14.21,11.75,17.59,3.2,2.58,1.95,2.27,7.12,36300.0,13249646.0,39.34,54.71
2021,Jawa Tengah,Kab. Magelang,37.8,3.9,26.2,17.9,1.3,1.1,0.8,2.4,8.6,68165.0,24880043.0,49.69999999999999,41.699999999999996
2021,Jawa Tengah,Kab. Boyolali,40.5,14.21,11.75,17.59,3.2,2.58,1.95,2.27,7.12,29085.0,10615934.0,39.34,54.71
2021,Jawa Tengah,Kab. Klaten,67.42,3.82,10.46,15.05,0.1,0.42,0.08,0.65,2.0,59030.0,21545883.0,26.76,71.24
2021,Jawa Tengah,Kab. Sukoharjo,62.4,1.88,8.01,15.93,1.68,1.98,1.82,1.27,5.03,35945.0,13120056.0,30.689999999999998,64.28
2021,Jawa Tengah,Kab. Wonogiri,25.0,10.0,20.0,25.0,5.0,5.0,2.5,5.0,2.5,43937.0,16036961.0,62.5,35.0
2021,Jawa Tengah,Kab. Karanganyar,63.0,2.0,5.0,20.0,1.0,2.0,2.0,3.0,2.0,36184.0,13207189.0,33.0,65.0
2021,Jawa Tengah,Kab. Sragen,74.7,0.8,8.4,11.3,0.5,1.9,0.3,1.8,0.3,58617.0,21395227.0,24.200000000000003,75.5
2021,Jawa Tengah,Kab. Blora,20.0,5.0,18.0,40.0,10.0,2.0,2.0,2.5,0.5,22685.0,8280158.0,74.5,25.0
2021,Jawa Tengah,Kab. Rembang,38.12,1.59,13.38,34.45,0.93,1.88,0.77,1.33,7.55,24566.0,8966636.0,52.74000000000001,39.71
2021,Jawa Tengah,Kab. Pati,40.5,14.21,11.75,17.59,3.2,2.58,1.95,2.27,7.12,66209.0,24166431.0,39.34,54.71
2021,Jawa Tengah,Kab. Jepara,32.24,22.75,10.86,21.7,0.78,2.12,0.53,1.68,7.34,40008.0,14602840.0,37.67,54.99
2021,Jawa Tengah,Kab. Demak,32.3,20.76,9.06,23.07,0.6,1.77,0.44,1.23,10.77,72237.0,26366636.0,36.17,53.06
2021,Jawa Tengah,Kab. Semarang,3.0,9.0,23.0,30.0,4.0,4.0,2.0,5.0,20.0,52655.0,19218900.0,68.0,12.0
2021,Jawa Tengah,Kab. Temanggung,37.97,22.81,11.09,14.91,2.31,2.39,1.18,2.46,4.88,50017.0,18256296.0,34.339999999999996,60.78
2021,Jawa Tengah,Kab. Batang,28.0,13.0,13.0,16.0,7.0,6.0,3.0,6.0,8.0,32416.0,11831738.0,51.0,41.0
2021,Jawa Tengah,Kab. Pekalongan,2.0,6.0,7.0,9.0,1.0,3.0,1.0,2.27,71.0,38753.0,14144787.0,23.27,8.0
2021,Jawa Tengah,Kab. Pemalang,40.5,14.21,11.75,17.59,3.2,2.58,1.95,2.27,7.12,58860.0,21483739.0,39.34,54.71
2021,Jawa Tengah,Kab. Tegal,20.0,16.0,18.0,33.0,3.0,2.0,2.0,1.0,5.0,67074.0,24481949.0,59.0,36.0
2021,Jawa Tengah,Kab. Brebes,2.0,80.0,2.0,11.0,1.0,1.0,1.0,1.0,1.0,98319.0,35886526.0,17.0,82.0
2021,Jawa Tengah,Kota Magelang,33.7,13.3,18.8,21.5,0.8,1.8,0.5,3.7,5.9,8068.0,2944793.0,47.099999999999994,47.0
2021,Jawa Tengah,Kota Salatiga,40.5,14.21,11.75,17.59,3.2,2.58,1.95,2.27,7.12,11224.0,4096924.0,39.34,54.71
2021,Jawa Tengah,Kota Semarang,60.79,14.21,10.18,17.2,1.22,4.94,1.0,1.79,2.88,118014.0,43074975.0,36.33,75.0
2021,Jawa Tengah,Kota Tegal,54.0,11.0,8.5,14.0,1.0,7.0,2.0,2.0,0.5,20157.0,7357352.0,34.5,65.0
2021,D.I. Yogyakarta,Kab. Kulon Progo,67.18,14.21,12.6,17.22,1.68,0.21,1.95,1.11,7.12,17714.0,6465435.0,34.77,81.39000000000001
2021,D.I. Yogyakarta,Kab. Sleman,40.5,14.21,11.75,17.59,3.2,2.58,1.95,2.27,7.12,73557.0,26848159.0,39.34,54.71
2021,D.I. Yogyakarta,Kota Yogyakarta,50.21,10.91,6.18,10.79,2.12,0.68,0.13,10.66,8.32,32740.0,11950169.0,30.56,61.120000000000005
2021,Jawa Timur,Kab. Pacitan,68.4,2.9,8.3,17.0,0.5,0.2,0.2,0.5,2.0,28673.0,10465483.0,26.7,71.30000000000001
2021,Jawa Timur,Kab. Ponorogo,44.76,0.36,16.53,21.89,0.48,6.61,1.43,0.6,7.34,38778.0,14154058.0,47.54,45.12
2021,Jawa Timur,Kab. Trenggalek,40.5,14.21,11.75,17.59,3.2,2.58,1.95,2.27,7.12,29396.0,10729365.0,39.34,54.71
2021,Jawa Timur,Kab. Tulungagung,48.0,16.0,7.0,6.5,9.0,6.7,2.5,2.0,2.3,54830.0,20012768.0,33.7,64.0
2021,Jawa Timur,Kab. Blitar,70.85,1.0,12.45,7.5,0.9,1.94,0.52,0.92,3.92,40993.0,14962383.0,24.23,71.85
2021,Jawa Timur,Kab. Kediri,46.4,22.47,4.28,11.31,0.2,2.02,0.63,4.75,7.94,53382.0,19484576.0,23.189999999999998,68.87
2021,Jawa Timur,Kab. Lumajang,40.25,17.35,10.65,17.8,1.15,3.25,1.45,1.5,6.6,50150.0,18304896.0,35.800000000000004,57.6
2021,Jawa Timur,Kab. Banyuwangi,3.12,0.84,18.98,21.78,0.94,1.52,0.57,2.55,49.7,125287.0,45729722.0,46.34,3.96
2021,Jawa Timur,Kab. Situbondo,40.5,14.21,11.75,17.59,3.2,2.58,1.95,2.27,7.12,25717.0,9386559.0,39.34,54.71
2021,Jawa Timur,Kab. Jombang,48.85,7.27,7.93,12.5,1.24,2.71,1.33,1.24,16.93,53037.0,19358344.0,26.95,56.120000000000005
2021,Jawa Timur,Kab. Nganjuk,61.5,2.0,13.1,12.3,6.0,1.0,1.0,1.0,2.1,44387.0,16201372.0,34.4,63.5
2021,Jawa Timur,Kab. Magetan,25.0,25.0,8.0,20.0,1.5,2.0,1.8,1.3,15.4,26832.0,9793855.0,34.599999999999994,50.0
2021,Jawa Timur,Kab. Ngawi,38.3,3.8,10.4,30.6,2.4,2.3,3.7,3.5,5.0,35672.0,13020403.0,52.9,42.099999999999994
2021,Jawa Timur,Kab. Bojonegoro,40.5,14.21,11.75,17.59,3.2,2.58,1.95,2.27,7.12,53650.0,19582381.0,39.34,54.71
2021,Jawa Timur,Kab. Tuban,58.52,15.32,5.78,11.02,0.17,1.62,0.1,1.33,6.14,50317.0,18365524.0,20.020000000000003,73.84
2021,Jawa Timur,Kab. Lamongan,30.0,12.0,9.0,18.0,8.0,2.0,2.0,1.0,18.0,22194.0,8100810.0,40.0,42.0
2021,Jawa Timur,Kab. Pamekasan,55.0,4.0,7.0,13.0,3.0,5.0,2.0,2.0,9.0,27660.0,10095725.0,32.0,59.0
2021,Jawa Timur,Kab. Sumenep,58.62,1.08,20.83,17.33,3.2,0.91,0.26,0.57,0.4,36744.0,13411661.0,43.099999999999994,59.699999999999996
2021,Jawa Timur,Kota Kediri,54.2,7.7,12.4,14.5,4.7,2.2,1.4,0.8,2.1,16935.0,6181213.0,35.99999999999999,61.900000000000006
2021,Jawa Timur,Kota Blitar,53.0,13.6,5.2,9.1,0.8,2.9,3.0,3.4,9.0,7519.0,2744253.0,24.4,66.6
2021,Jawa Timur,Kota Malang,40.5,14.21,11.75,17.59,3.2,2.58,1.95,2.27,7.12,67778.0,24738897.0,39.34,54.71
2021,Jawa Timur,Kota Probolinggo,60.98,3.68,10.56,19.87,0.82,0.78,0.93,0.96,1.42,9657.0,3524776.0,33.92,64.66
2021,Jawa Timur,Kota Pasuruan,10.11,6.4,1.35,6.06,0.07,0.67,0.07,0.13,75.14,13520.0,4934942.0,8.350000000000001,16.509999999999998
2021,Jawa Timur,Kota Madiun,81.0,1.5,7.9,4.0,2.5,0.9,0.9,0.8,0.5,11971.0,4369525.0,17.0,82.5
2021,Jawa Timur,Kota Surabaya,40.5,14.21,11.75,17.59,3.2,2.58,1.95,2.27,7.12,178251.0,65061462.0,39.34,54.71
2021,Jawa Timur,Kota Batu,4.0,2.0,6.0,4.0,1.0,2.58,1.95,1.0,7.12,11442.0,4176247.0,16.53,6.0
2021,Banten,Kab. Serang,63.01,14.21,9.13,20.02,1.0,2.0,1.95,0.28,4.56,116384.0,42480197.0,34.38,77.22
2021,Banten,Kota Cilegon,40.5,14.21,11.75,17.59,3.2,2.58,1.95,2.27,7.12,21745.0,7936852.0,39.34,54.71
2021,Banten,Kota Tangerang Selatan,40.5,14.21,11.75,17.59,3.2,2.58,1.95,2.27,7.12,79907.0,29165927.0,39.34,54.71
2021,Bali,Kab. Jembrana,11.22,30.88,11.1,22.1,2.1,7.0,7.0,2.7,5.9,16273.0,5939572.0,52.00000000000001,42.1
2021,Bali,Kab. Tabanan,5.0,39.0,37.0,42.0,3.2,2.58,1.95,2.27,7.12,23082.0,8424748.0,89.0,44.0
2021,Bali,Kab. Badung,16.0,33.9,11.1,28.4,2.6,2.1,0.67,0.9,4.33,31981.0,11673124.0,45.77,49.9
2021,Bali,Kab. Gianyar,40.5,58.73,10.89,17.08,3.15,0.76,0.74,2.27,8.65,38723.0,14133713.0,34.89,99.22999999999999
2021,Bali,Kab. Bangli,12.0,70.0,2.0,3.8,1.5,0.4,0.5,0.8,9.0,11090.0,4047996.0,9.0,82.0
2021,Bali,Kab. Buleleng,2.99,62.57,5.63,10.18,2.82,5.33,4.55,3.33,2.6,33910.0,12377150.0,31.840000000000003,65.56
2021,Bali,Kota Denpasar,29.3,33.9,6.9,13.7,0.8,0.7,0.3,2.1,12.3,95759.0,34951944.0,24.500000000000004,63.2
2021,Nusa Tenggara Barat,Kab. Lombok Timur,36.0,23.0,3.5,19.0,7.0,4.0,3.0,4.0,0.5,48344.0,17645472.0,40.5,59.0
2021,Nusa Tenggara Barat,Kab. Sumbawa,38.21,8.18,12.19,20.34,2.36,0.51,0.68,4.28,13.25,25946.0,9470418.0,40.36,46.39
2021,Nusa Tenggara Barat,Kota Mataram,64.0,6.0,7.0,9.0,6.0,2.0,2.0,2.0,2.0,26398.0,9635409.0,28.0,70.0
2021,Nusa Tenggara Timur,Kab. Alor,40.5,14.21,11.75,17.59,3.2,2.58,1.95,2.27,7.12,11653.0,4253330.0,39.34,54.71
2021,Nusa Tenggara Timur,Kab. Manggarai Barat,34.79,17.0,23.31,11.1,2.65,3.27,1.35,2.97,3.56,8218.0,2999584.0,44.65,51.79
2021,Nusa Tenggara Timur,Kota Kupang,28.5,16.5,14.0,20.5,5.0,3.0,1.5,2.5,8.5,22138.0,8080334.0,46.5,45.0
2021,Kalimantan Barat,Kab. Sambas,40.0,5.6,14.2,25.0,0.3,1.0,0.9,2.0,11.0,27738.0,10124425.0,43.4,45.6
2021,Kalimantan Barat,Kab. Mempawah,40.5,14.21,11.75,17.59,3.2,2.58,1.95,2.27,7.12,8224.0,3001596.0,39.34,54.71
2021,Kalimantan Barat,Kab. Sanggau,56.21,13.61,4.73,7.1,3.2,2.58,1.95,2.96,15.39,24241.0,8847929.0,22.52,69.82
2021,Kalimantan Barat,Kab. Melawi,40.5,14.21,11.75,17.59,3.2,2.58,1.95,2.27,7.12,8363.0,3052407.0,39.34,54.71
2021,Kalimantan Barat,Kota Pontianak,40.5,14.21,11.75,17.59,3.2,2.58,1.95,2.27,7.12,39630.0,14465125.0,39.34,54.71
2021,Kalimantan Barat,Kota Singkawang,40.5,14.21,11.75,17.59,3.2,2.58,1.95,2.27,7.12,11753.0,4289918.0,39.34,54.71
2021,Kalimantan Tengah,Kab. Kapuas,30.0,22.0,18.0,20.0,6.0,2.58,1.95,2.27,4.0,20520.0,7489800.0,50.800000000000004,52.0
2021,Kalimantan Tengah,Kab. Barito Utara,30.0,12.0,14.0,20.0,5.0,5.0,2.0,2.0,10.0,6337.0,2312961.0,48.0,42.0
2021,Kalimantan Tengah,Kab. Seruyan,30.0,15.0,10.5,25.0,2.0,1.5,5.0,2.5,8.5,8146.0,2973108.0,46.5,45.0
2021,Kalimantan Tengah,Kab. Gunung Mas,20.0,10.0,15.0,50.0,1.0,0.5,2.0,1.0,0.5,10155.0,3706575.0,69.5,30.0
2021,Kalimantan Tengah,Kab. Pulang Pisau,23.51,26.74,13.31,25.13,3.19,2.41,0.83,1.79,3.09,6767.0,2469882.0,46.65999999999999,50.25
2021,Kalimantan Tengah,Kab. Barito Timur,32.0,9.0,7.0,37.0,1.0,5.0,6.5,1.2,1.3,4651.0,1697776.0,57.7,41.0
2021,Kalimantan Tengah,Kota Palangkaraya,42.04,4.33,8.54,19.49,1.28,2.36,2.18,2.04,17.73,14792.0,5399025.0,35.89,46.37
2021,Kalimantan Selatan,Kab. Tanah Laut,40.0,20.0,10.0,14.0,3.0,4.0,5.0,2.0,2.0,14174.0,5173364.0,38.0,60.0
2021,Kalimantan Selatan,Kab. Kotabaru,34.0,13.0,27.0,11.0,1.0,1.0,0.2,1.0,11.8,13025.0,4754081.0,41.2,47.0
2021,Kalimantan Selatan,Kab. Banjar,40.5,14.21,11.75,17.59,3.2,2.58,1.95,2.27,7.12,40766.0,14879580.0,39.34,54.71
2021,Kalimantan Selatan,Kab. Barito Kuala,59.5,9.5,10.5,12.0,3.1,1.9,0.5,2.0,1.0,9496.0,3466004.0,30.0,69.0
2021,Kalimantan Selatan,Kab. Tapin,50.24,3.58,10.5,33.4,0.48,0.88,0.15,0.12,0.64,8049.0,2937914.0,45.529999999999994,53.82
2021,Kalimantan Selatan,Kab. Hulu Sungai Selatan,55.18,1.48,13.13,25.35,2.9,0.46,0.9,0.4,0.2,9601.0,3504292.0,43.14,56.66
2021,Kalimantan Selatan,Kab. Hulu Sungai Tengah,40.04,1.4,4.05,24.91,3.63,1.05,1.24,1.47,22.21,10349.0,3777327.0,36.35,41.44
2021,Kalimantan Selatan,Kab. Hulu Sungai Utara,50.63,9.21,9.83,13.78,0.85,0.65,1.09,7.8,6.16,9666.0,3528075.0,34.0,59.84
2021,Kalimantan Selatan,Kab. Tabalong,36.0,2.0,17.0,24.0,1.0,3.0,1.95,3.0,14.0,10132.0,3698253.0,49.95,38.0
2021,Kalimantan Selatan,Kab. Tanah Bumbu,40.5,14.21,11.75,17.59,3.2,2.58,1.95,2.27,7.12,16435.0,5998629.0,39.34,54.71
2021,Kalimantan Selatan,Kab. Balangan,57.46,10.24,10.95,14.62,2.06,1.67,0.72,1.2,1.08,5600.0,2044098.0,31.219999999999995,67.7
2021,Kalimantan Selatan,Kota Banjarmasin,55.89,0.64,9.39,12.77,1.36,14.93,1.63,2.71,0.68,50645.0,18485604.0,42.790000000000006,56.53
2021,Kalimantan Selatan,Kota Banjarbaru,48.3,4.2,16.0,23.7,0.5,0.3,0.4,0.1,6.5,16471.0,6012018.0,41.0,52.5
2021,Kalimantan Timur,Kab. Paser,54.99,0.22,10.2,13.64,1.38,13.56,1.2,3.52,1.29,11529.0,4208085.0,43.50000000000001,55.21
2021,Kalimantan Timur,Kab. Kutai Kartanegara,73.92,0.98,10.43,7.86,2.04,1.57,0.55,1.75,0.9,22259.0,8124353.0,24.2,74.9
2021,Kalimantan Timur,Kab. Kutai Timur,43.0,20.0,7.0,22.0,2.0,1.0,2.0,2.0,1.0,21222.0,7746158.0,36.0,63.0
2021,Kalimantan Timur,Kab. Penajam Paser Utara,46.13,1.09,20.87,29.83,0.22,0.02,0.67,0.83,0.34,9251.0,3376652.0,52.440000000000005,47.220000000000006
2021,Kalimantan Timur,Kota Balikpapan,42.3,6.36,10.26,7.2,3.87,2.94,0.98,6.56,19.53,49721.0,18147986.0,31.810000000000002,48.66
2021,Kalimantan Timur,Kota Samarinda,53.39,7.0,17.0,19.9,0.65,0.62,0.06,0.92,0.46,58185.0,21237671.0,39.15,60.39
2021,Kalimantan Timur,Kota Bontang,44.12,6.0,27.5,18.0,2.1,0.03,0.25,1.05,0.95,10382.0,3789433.0,48.93,50.12
2021,Kalimantan Utara,Kab. Nunukan,46.4,8.2,23.4,21.3,0.2,0.2,0.1,0.1,0.1,4181.0,1526025.0,45.30000000000001,54.599999999999994
2021,Kalimantan Utara,Kab. Tana Tidung,40.5,14.21,11.75,17.59,3.2,2.58,1.95,2.27,7.12,1324.0,483289.0,39.34,54.71
2021,Sulawesi Utara,Kab. Kepulauan Sangihe,51.1,4.89,5.2,26.0,0.4,3.3,0.5,2.0,6.61,5570.0,2033225.0,37.4,55.99
2021,Sulawesi Utara,Kab. Minahasa Selatan,20.0,12.0,12.0,36.0,4.0,4.0,5.0,2.0,5.0,9459.0,3452360.0,63.0,32.0
2021,Sulawesi Utara,Kab. Minahasa Tenggara,36.08,9.68,12.16,11.04,4.28,4.26,3.24,5.14,14.12,4537.0,1655947.0,40.120000000000005,45.76
2021,Sulawesi Utara,Kab. Bolaang Mongondow Utara,2.0,15.0,1.0,8.0,0.5,1.0,0.3,0.5,71.7,4156.0,1516794.0,11.3,17.0
2021,Sulawesi Utara,Kab. Bolaang Mongondow Selatan,20.0,10.0,10.0,25.0,5.0,12.0,10.0,5.0,3.0,3490.0,1273686.0,67.0,30.0
2021,Sulawesi Utara,Kota Manado,47.7,1.14,18.66,19.48,0.26,1.54,1.49,1.85,7.88,33989.0,12405981.0,43.28,48.84
2021,Sulawesi Utara,Kota Bitung,48.2,2.05,18.03,19.07,0.36,1.48,1.37,1.83,7.61,15856.0,5787458.0,42.13999999999999,50.25
2021,Sulawesi Utara,Kota Tomohon,40.5,14.21,11.75,17.59,3.2,2.58,1.95,2.27,7.12,7161.0,2613688.0,39.34,54.71
2021,Sulawesi Utara,Kota Kotamobagu,53.5,5.0,11.8,8.5,5.7,3.6,2.6,2.8,6.5,8663.0,3162068.0,35.0,58.5
2021,Sulawesi Tengah,Kab. Donggala,35.0,10.0,20.0,13.0,6.0,3.0,3.0,3.0,7.0,12164.0,4440006.0,48.0,45.0
2021,Sulawesi Tengah,Kab. Parigi Moutong,40.5,14.21,11.75,17.59,3.2,2.58,1.95,2.27,7.12,22559.0,8234199.0,39.34,54.71
2021,Sulawesi Tengah,Kab. Sigi,40.5,14.21,11.75,17.59,3.2,2.58,1.95,2.27,0.0,12879.0,4700835.0,39.34,54.71
2021,Sulawesi Tengah,Kab. Banggai Laut,40.5,14.21,11.75,17.59,3.2,2.58,1.95,2.27,7.12,3544.0,1293378.0,39.34,54.71
2021,Sulawesi Tengah,Kota Palu,40.5,14.21,11.75,17.59,3.2,2.58,1.95,2.27,7.12,18693.0,6822890.0,39.34,54.71
2021,Sulawesi Selatan,Kab. Kepulauan Selayar,40.5,14.21,11.75,17.59,3.2,2.58,1.95,2.27,7.12,5613.0,2048847.0,39.34,54.71
2021,Sulawesi Selatan,Kab. Bulukumba,15.0,10.0,25.0,20.0,5.0,5.0,5.0,5.0,10.0,17394.0,6348839.0,65.0,25.0
2021,Sulawesi Selatan,Kab. Bantaeng,30.13,27.5,11.0,14.0,1.24,3.0,2.0,1.13,10.0,8068.0,2944645.0,32.37,57.629999999999995
2021,Sulawesi Selatan,Kab. Jeneponto,27.0,18.0,10.0,18.0,6.0,1.5,5.0,1.5,13.0,16064.0,5863506.0,42.0,45.0
2021,Sulawesi Selatan,Kab. Sinjai,31.5,13.0,31.09,14.68,8.2,0.87,0.44,0.08,0.14,10831.0,3953476.0,55.35999999999999,44.5
2021,Sulawesi Selatan,Kab. Bone,73.2,0.5,10.1,8.7,3.1,0.3,1.1,1.1,1.9,40338.0,14723188.0,24.400000000000002,73.7
2021,Sulawesi Selatan,Kab. Maros,73.98,7.9,3.18,7.86,2.21,0.57,0.55,0.25,3.5,15877.0,5795090.0,14.620000000000001,81.88000000000001
2021,Sulawesi Selatan,Kab. Pangkajene Kepulauan,63.13,10.83,8.99,7.29,6.5,0.72,0.19,1.55,0.8,13831.0,5048315.0,25.240000000000002,73.96000000000001
2021,Sulawesi Selatan,Kab. Barru,57.0,12.5,6.0,15.0,2.5,1.0,1.0,1.0,4.0,7595.0,2772204.0,26.5,69.5
2021,Sulawesi Selatan,Kab. Soppeng,40.5,14.21,11.75,17.59,3.2,2.58,1.95,2.27,7.12,9509.0,3470712.0,39.34,54.71
2021,Sulawesi Selatan,Kab. Wajo,41.03,17.34,7.2,17.02,2.1,3.9,6.4,2.9,2.11,15164.0,5534860.0,39.519999999999996,58.370000000000005
2021,Sulawesi Selatan,Kab. Sidenreng Rappang,56.0,9.6,6.2,6.6,4.5,3.6,4.2,4.4,4.9,12800.0,4671854.0,29.5,65.6
2021,Sulawesi Selatan,Kab. Pinrang,40.5,14.21,11.75,17.59,3.2,2.58,1.95,2.27,7.12,17690.0,6457025.0,39.34,54.71
2021,Sulawesi Selatan,Kab. Enrekang,40.5,14.21,11.75,17.59,3.2,2.58,1.95,2.27,7.12,11396.0,4159668.0,39.34,54.71
2021,Sulawesi Selatan,Kab. Luwu Timur,40.0,10.0,25.0,15.0,3.0,1.0,2.0,2.0,2.0,12020.0,4387461.0,48.0,50.0
2021,Sulawesi Selatan,Kota Makassar,40.5,14.21,11.75,17.59,3.2,2.58,1.95,2.27,7.12,102371.0,37365393.0,39.34,54.71
2021,Sulawesi Selatan,Kota Parepare,51.8,11.35,12.45,11.2,3.75,1.95,2.1,2.75,2.65,7625.0,2783235.0,34.2,63.15
2021,Sulawesi Selatan,Kota Palopo,30.0,25.0,20.0,15.0,8.0,2.58,1.95,2.27,2.0,9234.0,3370428.0,49.800000000000004,55.0
2021,Sulawesi Tenggara,Kab. Wakatobi,40.5,14.21,11.75,17.59,3.2,2.58,1.95,2.27,7.12,7919.0,2890267.0,39.34,54.71
2021,Sulawesi Tenggara,Kota Kendari,43.65,17.44,16.78,17.25,1.54,0.72,1.06,1.16,0.4,26450.0,9654267.0,38.51,61.09
2021,Gorontalo,Kota Gorontalo,21.0,10.0,10.0,30.0,8.0,5.0,7.0,9.0,7.12,14121.0,5154150.0,69.0,31.0
2021,Sulawesi Barat,Kab. Mamuju,40.5,14.21,11.75,17.59,3.2,2.58,1.95,2.27,7.12,12544.0,4578699.0,39.34,54.71
2021,Sulawesi Barat,Kab. Majene,40.5,14.21,11.75,17.59,3.2,2.58,1.95,2.27,7.12,6976.0,2546342.0,39.34,54.71
2021,Sulawesi Barat,Kab. Mamuju Tengah,40.5,14.21,11.75,17.59,3.2,2.58,1.95,2.27,7.12,6264.0,2286448.0,39.34,54.71
2021,Maluku,Kab. Maluku Tengah,40.5,14.21,11.75,17.59,3.2,2.58,1.95,2.27,7.12,17032.0,6216592.0,39.34,54.71
2021,Maluku,Kab. Buru Selatan,33.0,22.0,11.0,23.0,2.0,1.0,1.0,2.0,5.0,3095.0,1129660.0,40.0,55.0
2021,Maluku,Kota Tual,8.5,17.5,10.8,15.8,5.6,9.3,7.0,6.7,18.8,5373.0,1961192.0,55.2,26.0
2021,Maluku Utara,Kota Tidore Kepulauan,34.0,25.0,12.0,11.8,2.3,0.8,1.5,5.8,6.8,4612.0,1683453.0,34.2,59.0
2021,Papua,Kab. Jayapura,40.0,14.21,20.0,20.0,3.0,2.58,1.95,2.27,7.12,8424.0,3074687.0,49.800000000000004,54.21
2021,Papua,Kab. Biak Numfor,12.88,39.22,22.35,11.63,10.46,0.01,0.13,3.32,7.12,5842.0,2132359.0,47.900000000000006,52.1
2021,Papua,Kab. Keerom,10.0,10.0,5.0,45.0,10.0,5.0,5.0,5.0,5.0,2465.0,899696.0,75.0,20.0
2021,Papua,Kota Jayapura,67.39,10.5,4.78,6.59,4.22,2.04,1.09,0.45,2.94,21780.0,7949656.0,19.169999999999998,77.89
2021,Papua Barat,Kab. Manokwari,44.0,14.21,11.0,26.0,3.2,2.58,1.95,2.27,19.0,16002.0,5840566.0,47.00000000000001,58.21
2021,Papua Selatan,Kab. Asmat,20.0,10.0,15.0,40.0,4.0,3.0,3.0,3.0,2.0,4465.0,1629827.0,68.0,30.0
2021,Papua Tengah,Kab. Nabire,62.56,15.13,4.6,11.32,0.48,1.95,1.95,1.79,2.17,6765.0,2469386.0,22.089999999999996,77.69
2021,Papua Pegunungan,Kab. Lanny Jaya,40.5,14.21,11.75,17.59,3.2,2.58,1.95,2.27,7.12,8078.0,2948324.0,39.34,54.71
2021,Papua Barat Daya,Kab. Sorong Selatan,40.5,14.21,11.75,17.59,3.2,2.58,1.95,2.27,7.12,2238.0,816739.0,39.34,54.71
2021,Papua Barat Daya,Kab. Tambrauw,40.5,14.21,11.75,17.59,3.2,2.58,1.95,2.27,7.12,1135.0,414333.0,39.34,54.71
2020,Aceh,Kab. Aceh Timur,37.0,14.0,5.0,26.0,5.0,3.0,2.0,4.0,4.0,5760.0,2102349.0,45.0,51.0
2020,Aceh,Kab. Aceh Tengah,22.0,18.0,7.0,26.0,3.0,11.0,5.0,5.0,3.0,10155.0,3706715.0,57.0,40.0
2020,Aceh,Kab. Simeulue,5.18,13.05,11.93,35.73,16.88,6.65,5.55,2.03,3.0,4355.0,1589710.0,78.77,18.23
2020,Aceh,Kab. Aceh Jaya,40.5,14.21,11.75,17.59,3.2,2.58,1.95,2.27,7.12,4624.0,1687651.0,39.34,54.71
2020,Aceh,Kab. Bener Meriah,20.0,20.0,10.0,15.0,5.0,10.0,5.0,5.0,10.0,6465.0,2359754.0,50.0,40.0
2020,Aceh,Kota Banda Aceh,35.2,11.5,3.0,6.8,4.5,7.5,9.3,4.5,17.7,24329.0,8880012.0,35.6,46.7
2020,Aceh,Kota Sabang,40.5,14.21,11.75,17.59,3.2,2.58,1.95,2.27,7.12,2637.0,962482.0,39.34,54.71
2020,Aceh,Kota Langsa,18.0,21.0,4.0,8.0,13.0,10.0,7.0,8.0,11.0,9517.0,3473778.0,50.0,39.0
2020,Sumatera Utara,Kab. Langkat,37.0,31.0,24.4,7.0,0.2,0.2,0.2,2.27,7.12,41208.0,15040949.0,34.269999999999996,68.0
2020,Sumatera Utara,Kab. Deli Serdang,20.5,24.0,13.8,20.2,6.0,5.0,3.0,2.0,5.5,109785.0,40071689.0,50.0,44.5
2020,Sumatera Utara,Kab. Asahan,1.16,61.4,7.18,13.04,2.0,5.48,0.44,1.33,7.97,62485.0,22807197.0,29.47,62.559999999999995
2020,Sumatera Utara,Kab. Dairi,55.53,10.99,12.48,19.26,0.32,0.35,0.2,0.53,0.34,11372.0,4150838.0,33.14000000000001,66.52
2020,Sumatera Utara,Kab. Humbang Hasundutan,12.0,55.0,10.0,13.0,3.0,1.0,0.2,0.8,5.0,5706.0,2082537.0,28.0,67.0
2020,Sumatera Utara,Kab. Samosir,24.0,10.0,20.0,30.0,6.2,2.0,1.0,0.8,6.0,8869.0,3237063.0,60.0,34.0
2020,Sumatera Utara,Kota Medan,48.0,5.0,17.0,14.0,1.0,4.0,2.0,1.0,8.0,170468.0,62220689.0,39.0,53.0
2020,Sumatera Utara,Kota Sibolga,40.5,14.21,11.75,17.59,3.2,2.58,1.95,2.27,7.12,6134.0,2238844.0,39.34,54.71
2020,Sumatera Utara,Kota Tebing Tinggi,62.7,1.73,11.43,16.65,0.73,2.6,0.71,1.83,1.62,12254.0,4472604.0,33.949999999999996,64.43
2020,Sumatera Barat,Kab. Pesisir Selatan,20.4,19.6,23.0,19.0,16.0,0.42,1.58,2.27,7.12,15352.0,5603444.0,62.27,40.0
2020,Sumatera Barat,Kab. Sijunjung,20.8,18.6,38.4,19.6,1.9,0.3,0.4,2.27,7.12,9586.0,3498967.0,62.87,39.400000000000006
2020,Sumatera Barat,Kab. Tanah Datar,69.34,14.21,8.63,6.0,2.24,1.57,1.95,3.33,8.89,12044.0,4395916.0,23.72,83.55000000000001
2020,Sumatera Barat,Kab. Agam,40.5,14.21,11.75,17.59,3.2,2.58,1.95,2.27,7.12,19785.0,7221364.0,39.34,54.71
2020,Sumatera Barat,Kab. Lima Puluh Kota,40.0,17.0,10.0,16.0,4.0,3.0,2.0,2.0,6.0,15489.0,5653646.0,37.0,57.0
2020,Sumatera Barat,Kab. Dharmasraya,40.5,14.21,20.0,30.0,45.0,2.58,1.95,2.27,7.12,9755.0,3560556.0,101.8,54.71
2020,Sumatera Barat,Kab. Pasaman Barat,30.0,10.0,20.0,30.0,5.0,2.58,1.95,2.27,5.0,17749.0,6478341.0,61.800000000000004,40.0
2020,Sumatera Barat,Kota Padang,62.0,8.3,6.1,12.6,0.2,2.8,1.5,2.4,4.1,63633.0,23225972.0,25.599999999999998,70.3
2020,Sumatera Barat,Kota Solok,46.07,11.56,9.28,22.32,0.6,0.54,0.1,1.1,8.43,5070.0,1850587.0,33.940000000000005,57.63
2020,Sumatera Barat,Kota Sawahlunto,40.5,14.21,11.75,17.59,3.2,2.58,1.95,2.27,7.12,1877.0,685282.0,39.34,54.71
2020,Sumatera Barat,Kota Padang Panjang,43.15,23.56,14.35,12.67,1.5,0.95,0.8,1.19,1.83,4663.0,1701951.0,31.46,66.71
2020,Sumatera Barat,Kota Bukittinggi,61.81,1.1,16.79,17.74,0.46,0.9,1.95,0.51,0.69,12430.0,4536841.0,38.35,62.910000000000004
2020,Sumatera Barat,Kota Payakumbuh,51.62,7.43,11.42,21.54,0.65,1.56,0.57,0.87,4.34,9775.0,3567904.0,36.61,59.05
2020,Riau,Kab. Kampar,20.0,10.0,5.0,35.0,10.0,5.0,5.0,5.0,5.0,35188.0,12843547.0,65.0,30.0
2020,Riau,Kab. Indragiri Hilir,40.5,14.21,36.0,33.0,12.0,2.58,1.95,2.27,7.12,29993.0,10947270.0,87.8,54.71
2020,Riau,Kab. Pelalawan,10.0,18.0,20.0,30.0,6.0,3.0,5.0,3.0,5.0,15112.0,5515880.0,67.0,28.0
2020,Riau,Kab. Siak,39.0,15.0,10.0,26.0,1.0,2.0,2.0,3.0,2.0,19107.0,6973982.0,44.0,54.0
2020,Riau,Kab. Kuantan Singingi,40.5,14.21,11.75,17.59,3.2,2.58,1.95,2.27,7.12,13366.0,4878473.0,39.34,54.71
2020,Riau,Kota Pekanbaru,40.5,14.21,11.75,17.59,3.2,2.58,1.95,2.27,7.12,109715.0,40046154.0,39.34,54.71
2020,Riau,Kota Dumai,40.5,14.21,11.75,17.59,3.2,2.58,1.95,2.27,7.12,15991.0,5836843.0,39.34,54.71
2020,Jambi,Kab. Merangin,26.5,15.0,14.5,23.0,4.5,3.0,2.5,1.0,10.0,19543.0,7133250.0,48.5,41.5
2020,Jambi,Kab. Sarolangun,40.5,14.21,11.75,17.59,3.2,2.58,1.95,2.27,7.12,11127.0,4061209.0,39.34,54.71
2020,Jambi,Kab. Batanghari,36.0,15.0,18.8,14.0,3.2,3.0,2.0,2.0,6.0,12260.0,4475017.0,43.0,51.0
2020,Jambi,Kab. Muaro Jambi,40.5,14.21,11.75,17.59,3.2,2.58,1.95,2.27,7.12,8162.0,2979297.0,39.34,54.71
2020,Jambi,Kab. Tanjung Jabung Barat,5.0,8.0,30.0,30.0,3.0,6.0,10.0,2.0,6.0,16697.0,6094259.0,81.0,13.0
2020,Jambi,Kab. Bungo,63.13,13.25,1.42,4.48,5.88,3.83,5.73,1.38,0.9,15236.0,5561038.0,22.720000000000002,76.38
2020,Jambi,Kab. Tebo,40.5,14.21,11.75,17.59,3.2,2.58,1.95,2.27,7.12,13507.0,4929967.0,39.34,54.71
2020,Jambi,Kota Sungai Penuh,40.5,14.21,11.75,17.59,3.2,2.58,1.95,2.27,7.12,4909.0,1791639.0,39.34,54.71
2020,Sumatera Selatan,Kab. Ogan Komering Ulu,40.5,14.21,11.75,17.59,3.2,2.58,1.95,2.27,7.12,14885.0,5432996.0,39.34,54.71
2020,Sumatera Selatan,Kab. Muara Enim,61.02,8.07,7.38,17.18,1.14,1.33,0.36,0.31,3.21,40643.0,14834586.0,27.7,69.09
2020,Sumatera Selatan,Kab. Musi Rawas,41.18,5.08,1.07,9.63,19.79,0.53,3.74,17.38,1.6,28434.0,10378308.0,52.14,46.26
2020,Sumatera Selatan,Kab. Musi Banyuasin,58.3,4.8,9.1,21.2,1.1,3.0,0.8,0.8,0.9,25916.0,9459369.0,35.99999999999999,63.099999999999994
2020,Sumatera Selatan,Kab. Banyuasin,38.12,8.46,16.65,13.39,0.95,1.25,1.97,1.26,17.95,56829.0,20742614.0,35.46999999999999,46.58
2020,Sumatera Selatan,Kab. Ogan Komering Ulu Timur,1.0,5.0,7.0,7.0,1.0,1.0,2.0,1.0,75.0,48295.0,17627584.0,19.0,6.0
2020,Sumatera Selatan,Kab. Ogan Ilir,30.0,15.0,10.0,10.0,5.0,5.0,5.0,5.0,15.0,29455.0,10751006.0,40.0,45.0
2020,Sumatera Selatan,Kab. Empat Lawang,40.5,14.21,11.75,17.59,3.2,2.58,1.95,2.27,7.12,17729.0,6471100.0,39.34,54.71
2020,Sumatera Selatan,Kota Palembang,55.0,5.0,10.0,14.0,5.0,4.0,3.0,2.0,2.0,116819.0,42639066.0,38.0,60.0
2020,Sumatera Selatan,Kota Prabumulih,61.5,5.8,2.7,25.4,0.4,0.9,0.2,0.3,2.8,9446.0,3447954.0,29.899999999999995,67.3
2020,Bengkulu,Kab. Lebong,40.5,14.21,11.75,17.59,3.2,2.58,1.95,2.27,7.12,4309.0,1572697.0,39.34,54.71
2020,Bengkulu,Kab. Kepahiang,40.5,14.21,11.75,17.59,3.2,2.58,1.95,2.27,7.12,5616.0,2049884.0,39.34,54.71
2020,Bengkulu,Kab. Bengkulu Tengah,20.2,45.0,15.0,18.0,1.0,0.5,0.1,0.2,7.12,5812.0,2121490.0,34.800000000000004,65.2
2020,Lampung,Kab. Lampung Barat,25.0,20.0,15.0,35.0,2.0,0.5,0.5,0.2,1.8,12276.0,4480594.0,53.2,45.0
2020,Lampung,Kab. Way Kanan,0.58,0.16,0.05,0.12,0.0,0.04,0.02,0.02,0.01,19188.0,7003649.0,0.24999999999999997,0.74
2020,Lampung,Kab. Pesawaran,29.0,31.0,10.0,20.0,3.0,1.0,2.0,2.0,2.0,17936.0,6546786.0,38.0,60.0
2020,Lampung,Kota Bandar Lampung,40.4,12.9,11.7,17.4,3.1,2.5,1.8,2.3,7.9,75794.0,27664916.0,38.79999999999999,53.3
2020,Lampung,Kota Metro,56.47,6.24,9.4,24.07,0.56,1.25,0.27,0.88,0.86,10316.0,3765179.0,36.43000000000001,62.71
2020,Kepulauan Bangka Belitung,Kab. Bangka,26.17,11.5,30.86,18.82,0.62,3.79,0.42,0.66,7.16,12862.0,4694732.0,55.169999999999995,37.67
2020,Kepulauan Bangka Belitung,Kab. Belitung,0.5,75.0,0.3,0.6,0.03,0.25,0.02,0.3,23.0,7099.0,2591091.0,1.5,75.5
2020,Kepulauan Bangka Belitung,Kab. Bangka Tengah,40.0,14.0,10.0,15.0,2.0,12.0,4.0,1.0,2.0,7989.0,2916014.0,44.0,54.0
2020,Kepulauan Bangka Belitung,Kab. Bangka Barat,40.5,14.21,11.75,17.59,3.2,2.58,1.95,2.27,7.12,7961.0,2905853.0,39.34,54.71
2020,Kepulauan Bangka Belitung,Kab. Belitung Timur,40.5,14.21,11.75,17.59,3.2,2.58,1.95,2.27,7.12,5047.0,1842199.0,39.34,54.71
2020,Kepulauan Bangka Belitung,Kota Pangkal Pinang,51.73,12.8,7.77,9.6,2.28,3.88,6.22,2.26,3.46,15183.0,5541616.0,32.01,64.53
2020,Kepulauan Riau,Kab. Bintan,38.8,5.5,24.4,12.4,0.5,5.5,3.9,2.5,6.5,5342.0,1949965.0,49.199999999999996,44.3
2020,Kepulauan Riau,Kab. Karimun,23.0,19.0,24.0,24.5,4.0,2.5,1.5,1.2,0.3,17720.0,6467753.0,57.7,42.0
2020,Kepulauan Riau,Kab. Natuna,40.5,14.21,11.75,17.59,3.2,2.58,1.95,2.27,7.12,3114.0,1136674.0,39.34,54.71
2020,Kepulauan Riau,Kab. Lingga,41.2,13.6,18.3,10.2,1.8,8.9,3.9,1.9,0.2,2783.0,1015755.0,45.0,54.800000000000004
2020,Kepulauan Riau,Kab. Kepulauan Anambas,40.5,14.21,11.75,17.59,3.2,2.58,1.95,2.27,7.12,1288.0,470270.0,39.34,54.71
2020,Kepulauan Riau,Kota Batam,49.0,9.0,10.0,19.0,1.0,2.0,0.0,1.0,9.0,83748.0,30567918.0,33.0,58.0
2020,Kepulauan Riau,Kota Tanjung Pinang,21.0,37.0,7.0,25.0,3.0,2.0,2.0,1.0,2.0,14798.0,5401305.0,40.0,58.0
2020,DKI Jakarta,Kab. Adm. Kep. Seribu,23.02,2.97,0.18,0.9,0.08,2.58,1.95,0.65,72.2,1734.0,632924.0,6.340000000000001,25.99
2020,DKI Jakarta,Kota Adm. Jakarta Pusat,40.5,14.21,11.75,17.59,3.2,2.58,1.95,2.27,7.12,84474.0,30833129.0,39.34,54.71
2020,DKI Jakarta,Kota Adm. Jakarta Utara,40.5,14.21,11.75,17.59,3.2,2.58,1.95,2.27,7.12,134104.0,48948103.0,39.34,54.71
2020,DKI Jakarta,Kota Adm. Jakarta Barat,69.77,5.78,3.08,2.97,1.49,2.99,1.25,0.01,12.66,197197.0,71976800.0,11.790000000000001,75.55
2020,DKI Jakarta,Kota Adm. Jakarta Selatan,40.5,14.21,11.75,17.59,3.2,2.58,1.95,2.27,7.12,192100.0,70116463.0,39.34,54.71
2020,DKI Jakarta,Kota Adm. Jakarta Timur,40.5,14.21,11.75,17.59,3.2,2.58,1.95,2.27,7.12,227325.0,82973803.0,39.34,54.71
2020,Jawa Barat,Kab. Bandung,43.0,10.0,9.0,20.0,2.0,1.0,1.95,1.0,14.0,132135.0,48229189.0,34.95,53.0
2020,Jawa Barat,Kab. Ciamis,26.4,0.4,33.0,5.0,10.7,6.4,1.7,16.1,0.3,57513.0,20992070.0,72.9,26.799999999999997
2020,Jawa Barat,Kab. Cirebon,40.5,14.21,11.75,17.59,3.2,2.58,1.95,2.27,7.12,122841.0,44836818.0,39.34,54.71
2020,Jawa Barat,Kab. Sumedang,62.27,1.97,9.25,12.57,1.77,0.91,1.25,1.09,8.92,44059.0,16081627.0,26.84,64.24000000000001
2020,Jawa Barat,Kab. Bekasi,40.5,14.21,11.75,17.59,3.2,2.58,1.95,2.27,7.12,190024.0,69358651.0,39.34,54.71
2020,Jawa Barat,Kab. Pangandaran,40.5,14.21,11.75,17.59,3.2,2.58,1.95,2.27,7.12,17130.0,6252333.0,39.34,54.71
2020,Jawa Barat,Kota Bogor,20.0,33.3,19.7,10.0,1.5,3.5,1.0,1.0,10.0,67376.0,24592233.0,36.7,53.3
2020,Jawa Barat,Kota Sukabumi,46.62,15.78,7.97,12.45,0.91,1.66,0.84,1.91,11.86,17924.0,6542409.0,25.74,62.4
2020,Jawa Barat,Kota Bandung,44.52,3.98,13.12,16.7,0.9,4.75,2.38,1.97,11.68,153982.0,56203459.0,39.82,48.5
2020,Jawa Barat,Kota Depok,62.95,0.57,6.1,21.36,0.14,0.57,0.5,0.57,7.24,129549.0,47285423.0,29.240000000000002,63.52
2020,Jawa Barat,Kota Cimahi,40.5,14.21,11.75,17.59,3.2,2.58,1.95,2.27,7.12,27338.0,9978238.0,39.34,54.71
2020,Jawa Barat,Kota Tasikmalaya,48.7,14.21,5.8,5.4,0.2,1.9,1.95,6.3,31.6,29230.0,10668851.0,21.549999999999997,62.910000000000004
2020,Jawa Barat,Kota Banjar,42.97,10.84,9.41,24.62,1.02,1.18,0.05,2.81,7.09,8374.0,3056685.0,39.09,53.81
2020,Jawa Tengah,Kab. Cilacap,57.67,10.63,9.71,16.42,1.33,1.25,0.51,0.65,1.83,93978.0,34301917.0,29.87,68.3
2020,Jawa Tengah,Kab. Purworejo,3.0,67.0,6.0,9.0,4.0,0.5,0.3,1.0,8.2,28807.0,10514686.0,20.8,70.0
2020,Jawa Tengah,Kab. Wonosobo,40.0,21.5,15.0,20.0,0.2,0.2,0.1,1.0,2.0,35165.0,12835210.0,36.50000000000001,61.5
2020,Jawa Tengah,Kab. Magelang,37.8,3.9,26.2,17.9,1.3,1.1,0.8,2.4,8.6,68091.0,24853033.0,49.69999999999999,41.699999999999996
2020,Jawa Tengah,Kab. Boyolali,40.5,14.21,11.75,17.59,3.2,2.58,1.95,2.27,7.12,28793.0,10509461.0,39.34,54.71
2020,Jawa Tengah,Kab. Sukoharjo,60.4,2.63,8.14,15.2,3.18,3.8,4.1,1.2,1.35,36401.0,13286350.0,35.620000000000005,63.03
2020,Jawa Tengah,Kab. Wonogiri,25.0,10.0,20.0,25.0,5.0,5.0,2.5,5.0,2.5,43744.0,15966385.0,62.5,35.0
2020,Jawa Tengah,Kab. Sragen,74.7,0.8,8.1,11.3,0.5,1.9,0.3,1.8,0.3,53431.0,19502344.0,23.9,75.5
2020,Jawa Tengah,Kab. Blora,4.0,10.0,35.0,40.0,3.0,2.0,2.0,2.0,2.0,37142.0,13556825.0,84.0,14.0
2020,Jawa Tengah,Kab. Rembang,38.12,1.59,13.38,34.45,0.93,1.88,0.77,1.33,7.55,23810.0,8690562.0,52.74000000000001,39.71
2020,Jawa Tengah,Kab. Pati,40.5,14.21,11.75,17.59,3.2,2.58,1.95,2.27,7.12,65496.0,23906058.0,39.34,54.71
2020,Jawa Tengah,Kab. Kudus,40.5,14.21,11.75,17.59,3.2,2.58,1.95,2.27,7.12,44089.0,16092412.0,39.34,54.71
2020,Jawa Tengah,Kab. Jepara,55.08,5.29,11.48,19.63,1.26,2.12,1.02,1.2,2.92,69704.0,25441830.0,36.71,60.37
2020,Jawa Tengah,Kab. Semarang,58.0,5.0,8.9,19.0,2.5,3.2,1.95,2.3,0.5,53340.0,19469009.0,37.85,63.0
2020,Jawa Tengah,Kab. Temanggung,28.32,33.98,11.4,10.57,1.37,2.4,1.24,2.25,8.38,49628.0,18114380.0,29.229999999999997,62.3
2020,Jawa Tengah,Kab. Kendal,51.54,19.88,9.49,11.31,1.29,3.09,0.88,2.07,0.45,40740.0,14870173.0,28.13,71.42
2020,Jawa Tengah,Kab. Batang,40.5,14.21,11.75,17.59,3.2,2.58,1.95,2.27,7.12,24052.0,8778812.0,39.34,54.71
2020,Jawa Tengah,Kab. Pemalang,40.0,5.0,10.0,25.0,2.0,4.0,5.0,7.0,2.0,39170.0,14297065.0,53.0,45.0
2020,Jawa Tengah,Kab. Tegal,39.0,20.8,8.7,14.5,5.2,3.5,4.8,1.6,1.9,101857.0,37177831.0,38.3,59.8
2020,Jawa Tengah,Kab. Brebes,1.0,80.0,1.0,15.0,1.0,2.58,1.0,2.27,1.0,98938.0,36112352.0,22.849999999999998,81.0
2020,Jawa Tengah,Kota Magelang,33.7,13.3,18.8,21.5,0.8,1.8,0.5,3.7,5.9,8961.0,3270911.0,47.099999999999994,47.0
2020,Jawa Tengah,Kota Salatiga,40.5,14.21,11.75,17.59,3.2,2.58,1.95,2.27,7.12,11403.0,4162001.0,39.34,54.71
2020,Jawa Tengah,Kota Semarang,60.79,14.21,10.18,17.2,1.22,4.94,1.0,1.79,2.88,127674.0,46601079.0,36.33,75.0
2020,D.I. Yogyakarta,Kab. Kulon Progo,67.18,14.21,12.6,17.22,1.68,0.21,1.95,1.11,7.12,17456.0,6371367.0,34.77,81.39000000000001
2020,D.I. Yogyakarta,Kab. Bantul,60.54,2.8,6.26,24.33,1.66,0.82,0.04,2.34,1.21,52609.0,19202191.0,35.44999999999999,63.339999999999996
2020,D.I. Yogyakarta,Kab. Gunungkidul,40.5,14.21,11.75,17.59,3.2,2.58,1.95,2.27,7.12,36074.0,13167116.0,39.34,54.71
2020,D.I. Yogyakarta,Kab. Sleman,40.5,14.21,11.75,17.59,3.2,2.58,1.95,2.27,7.12,70195.0,25621007.0,39.34,54.71
2020,D.I. Yogyakarta,Kota Yogyakarta,50.21,10.91,6.18,10.79,2.12,0.68,0.13,10.66,8.32,36079.0,13168926.0,30.56,61.120000000000005
2020,Jawa Timur,Kab. Pacitan,68.4,2.9,8.3,17.0,0.5,0.2,0.2,0.5,2.0,28578.0,10430804.0,26.7,71.30000000000001
2020,Jawa Timur,Kab. Ponorogo,40.5,14.21,11.75,17.59,3.2,2.58,1.95,2.27,7.12,34913.0,12743245.0,39.34,54.71
2020,Jawa Timur,Kab. Trenggalek,32.0,3.0,31.0,29.0,1.0,1.0,1.0,1.0,1.0,30010.0,10953665.0,64.0,35.0
2020,Jawa Timur,Kab. Blitar,70.85,1.0,12.45,7.5,0.9,1.94,0.52,0.92,3.92,42257.0,15423767.0,24.23,71.85
2020,Jawa Timur,Kab. Lumajang,42.48,17.52,7.71,18.2,1.16,3.28,1.46,1.52,6.67,50146.0,18303337.0,33.330000000000005,60.0
2020,Jawa Timur,Kab. Bondowoso,60.22,2.32,7.63,25.3,1.2,1.13,1.2,1.0,7.12,28718.0,10481919.0,37.46000000000001,62.54
2020,Jawa Timur,Kab. Situbondo,40.5,14.21,11.75,17.59,3.2,2.58,1.95,2.27,7.12,25936.0,9466576.0,39.34,54.71
2020,Jawa Timur,Kab. Probolinggo,20.0,32.0,16.6,16.9,0.4,0.5,12.0,0.2,1.4,45845.0,16733513.0,46.6,52.0
2020,Jawa Timur,Kab. Sidoarjo,70.3,1.4,8.5,11.0,0.2,1.1,0.2,0.5,6.8,108624.0,39647690.0,21.5,71.7
2020,Jawa Timur,Kab. Jombang,40.5,14.21,11.75,17.59,3.2,2.58,1.95,2.27,7.12,52722.0,19243705.0,39.34,54.71
2020,Jawa Timur,Kab. Nganjuk,7.46,54.13,2.71,6.41,0.23,9.62,0.25,0.74,18.45,42294.0,15437354.0,19.959999999999997,61.59
2020,Jawa Timur,Kab. Magetan,40.5,14.21,11.75,17.59,3.2,2.58,1.95,2.27,7.12,27930.0,10194450.0,39.34,54.71
2020,Jawa Timur,Kab. Ngawi,38.3,3.8,10.4,30.6,2.4,2.3,3.7,3.5,5.1,36652.0,13377892.0,52.9,42.099999999999994
2020,Jawa Timur,Kab. Tuban,58.52,15.32,5.78,11.02,0.17,1.62,0.1,1.33,6.14,49313.0,17999108.0,20.020000000000003,73.84
2020,Jawa Timur,Kab. Gresik,40.0,1.0,11.0,16.0,2.0,1.0,1.0,1.0,27.0,32780.0,11964837.0,32.0,41.0
2020,Jawa Timur,Kab. Pamekasan,40.5,14.21,11.75,17.59,3.2,2.58,1.95,2.27,7.12,27219.0,9935012.0,39.34,54.71
2020,Jawa Timur,Kab. Sumenep,63.86,1.35,7.61,13.18,3.2,1.31,0.29,0.96,11.44,36380.0,13278873.0,26.549999999999997,65.21
2020,Jawa Timur,Kota Kediri,40.5,14.21,11.75,17.59,3.2,2.58,1.95,2.27,7.12,15093.0,5509109.0,39.34,54.71
2020,Jawa Timur,Kota Blitar,53.0,13.6,5.2,9.1,0.8,2.9,3.0,3.4,9.0,7457.0,2721969.0,24.4,66.6
2020,Jawa Timur,Kota Malang,40.5,14.21,11.75,17.59,3.2,2.58,1.95,2.27,7.12,67778.0,24738919.0,39.34,54.71
2020,Jawa Timur,Kota Probolinggo,59.25,4.81,10.87,18.38,0.87,0.93,1.38,1.07,2.44,9575.0,3494948.0,33.5,64.06
2020,Jawa Timur,Kota Pasuruan,10.11,6.4,1.35,6.06,0.07,0.67,0.07,0.13,75.14,13259.0,4839473.0,8.350000000000001,16.509999999999998
2020,Jawa Timur,Kota Mojokerto,75.0,5.5,7.5,3.0,1.8,4.0,1.2,0.5,1.5,6518.0,2379034.0,18.0,80.5
2020,Jawa Timur,Kota Madiun,81.0,0.5,8.0,4.0,3.0,1.0,1.0,1.0,0.5,11817.0,4313355.0,18.0,81.5
2020,Jawa Timur,Kota Surabaya,54.31,1.61,14.63,19.44,0.48,1.47,2.33,1.12,4.61,222262.0,81125510.0,39.46999999999999,55.92
2020,Banten,Kab. Lebak,30.0,12.0,10.0,15.0,8.0,5.0,5.0,10.0,5.0,51426.0,18770621.0,53.0,42.0
2020,Banten,Kab. Serang,63.01,14.21,9.13,20.02,1.21,0.24,1.95,1.83,4.56,113584.0,41458197.0,34.379999999999995,77.22
2020,Banten,Kota Cilegon,27.37,14.21,27.68,41.41,3.2,2.58,1.95,7.81,7.12,37386.0,13645800.0,84.63000000000001,41.58
2020,Banten,Kota Serang,65.0,4.0,8.0,20.0,0.5,0.75,0.5,0.25,1.0,52175.0,19044006.0,30.0,69.0
2020,Banten,Kota Tangerang Selatan,35.63,14.08,13.45,17.37,0.38,0.67,0.48,0.85,17.09,107056.0,39075387.0,33.2,49.71
2020,Bali,Kab. Jembrana,11.22,30.88,11.1,22.1,2.1,7.0,7.0,2.7,5.9,16470.0,6011532.0,52.00000000000001,42.1
2020,Bali,Kab. Tabanan,5.0,39.0,37.0,42.0,3.2,2.58,1.95,2.0,7.12,23082.0,8424748.0,88.73,44.0
2020,Bali,Kab. Badung,16.0,33.9,5.96,27.61,2.63,2.16,0.67,0.99,10.08,28124.0,10265416.0,40.02,49.9
2020,Bali,Kab. Gianyar,40.5,58.73,10.89,17.08,3.15,0.76,0.74,2.27,8.65,43886.0,16018208.0,34.89,99.22999999999999
2020,Bali,Kab. Bangli,15.0,67.0,2.0,3.11,11.0,0.09,0.5,1.2,0.1,10898.0,3977741.0,17.9,82.0
2020,Bali,Kab. Karangasem,40.5,14.21,11.75,17.59,3.2,2.58,1.95,2.27,7.12,24950.0,9106750.0,39.34,54.71
2020,Bali,Kab. Buleleng,2.99,62.57,5.63,10.18,2.82,5.33,4.55,3.33,2.6,34190.0,12479186.0,31.840000000000003,65.56
2020,Bali,Kota Denpasar,70.0,6.0,2.0,15.0,3.2,1.0,1.0,2.27,5.0,66326.0,24208855.0,24.47,76.0
2020,Nusa Tenggara Barat,Kab. Lombok Timur,36.0,23.0,3.5,19.0,7.0,4.0,3.0,4.0,0.5,48344.0,17645472.0,40.5,59.0
2020,Nusa Tenggara Barat,Kab. Lombok Utara,40.5,14.21,11.75,17.59,3.2,2.58,1.95,2.27,7.12,7333.0,2676544.0,39.34,54.71
2020,Nusa Tenggara Timur,Kab. Sumba Tengah,44.0,13.0,11.0,15.0,2.0,3.0,2.0,2.0,8.0,2564.0,936028.0,35.0,57.0
2020,Nusa Tenggara Timur,Kota Kupang,27.4,15.2,13.4,19.8,6.5,3.6,2.15,3.3,8.65,21749.0,7938239.0,48.75,42.599999999999994
2020,Kalimantan Barat,Kab. Sambas,40.0,5.6,14.2,25.0,0.3,1.0,0.9,2.0,11.0,27447.0,10018228.0,43.4,45.6
2020,Kalimantan Barat,Kab. Mempawah,10.0,25.0,25.0,20.0,10.0,3.0,2.0,2.0,3.0,7191.0,2624850.0,62.0,35.0
2020,Kalimantan Barat,Kab. Sanggau,56.21,13.61,4.73,7.1,3.2,2.58,1.95,2.96,15.39,23873.0,8713736.0,22.52,69.82
2020,Kalimantan Barat,Kab. Ketapang,28.0,4.0,9.0,42.0,2.0,3.0,2.0,1.0,9.0,25891.0,9450379.0,59.0,32.0
2020,Kalimantan Barat,Kab. Melawi,40.5,14.21,11.75,17.59,3.2,2.58,1.95,2.27,7.12,9366.0,3418459.0,39.34,54.71
2020,Kalimantan Barat,Kota Pontianak,83.0,1.5,7.2,6.0,2.0,2.58,0.1,2.27,0.2,38582.0,14082335.0,20.150000000000002,84.5
2020,Kalimantan Barat,Kota Singkawang,51.61,1.49,1.57,39.22,1.9,1.73,1.95,1.32,1.16,11324.0,4133169.0,47.69,53.1
2020,Kalimantan Tengah,Kab. Kotawaringin Barat,50.0,5.0,10.0,12.0,2.0,2.0,2.0,1.0,16.0,12516.0,4568501.0,29.0,55.0
2020,Kalimantan Tengah,Kab. Kotawaringin Timur,45.05,5.0,7.26,20.26,1.82,4.04,1.18,4.33,11.06,25777.0,9408647.0,38.89,50.05
2020,Kalimantan Tengah,Kab. Kapuas,37.5,20.0,13.2,12.0,0.3,1.0,1.95,1.0,15.0,20781.0,7585029.0,29.45,57.5
2020,Kalimantan Tengah,Kab. Barito Utara,30.0,12.0,14.0,20.0,5.0,5.0,2.0,2.0,10.0,5229.0,1908410.0,48.0,42.0
2020,Kalimantan Tengah,Kab. Katingan,56.98,2.06,13.17,14.34,4.02,1.78,3.14,3.28,0.95,4542.0,1657909.0,39.73,59.04
2020,Kalimantan Tengah,Kab. Sukamara,40.5,14.21,11.75,17.59,3.2,2.58,1.95,2.27,7.12,2583.0,942664.0,39.34,54.71
2020,Kalimantan Tengah,Kab. Pulang Pisau,23.51,26.74,13.31,25.13,3.19,2.41,0.83,1.79,3.09,6483.0,2366295.0,46.65999999999999,50.25
2020,Kalimantan Tengah,Kab. Barito Timur,32.0,9.0,7.0,37.0,1.0,5.0,6.5,1.2,1.3,4529.0,1653143.0,57.7,41.0
2020,Kalimantan Tengah,Kota Palangkaraya,70.05,1.4,7.14,15.14,0.67,1.3,0.9,1.01,2.39,14403.0,5257077.0,26.160000000000004,71.45
2020,Kalimantan Selatan,Kab. Barito Kuala,59.5,9.5,10.5,12.0,3.1,1.9,0.5,2.0,1.0,9310.0,3398146.0,30.0,69.0
2020,Kalimantan Selatan,Kab. Tapin,50.24,3.58,10.5,33.4,0.48,0.88,0.15,0.12,0.64,7681.0,2803594.0,45.529999999999994,53.82
2020,Kalimantan Selatan,Kab. Hulu Sungai Selatan,55.18,1.48,13.13,25.35,2.9,0.46,0.9,0.4,0.2,9418.0,3437409.0,43.14,56.66
2020,Kalimantan Selatan,Kab. Hulu Sungai Tengah,47.8,7.26,10.45,26.12,5.75,0.24,0.35,1.78,0.25,10915.0,3984063.0,44.690000000000005,55.059999999999995
2020,Kalimantan Selatan,Kab. Hulu Sungai Utara,55.78,8.38,8.72,12.41,0.98,0.84,0.06,6.1,6.73,9666.0,3528075.0,29.11,64.16
2020,Kalimantan Selatan,Kab. Tabalong,35.6,2.1,16.9,23.9,1.2,2.6,1.95,3.1,14.6,9897.0,3612317.0,49.650000000000006,37.7
2020,Kalimantan Selatan,Kab. Balangan,57.43,10.37,10.86,14.48,2.08,1.71,0.76,1.21,1.1,5680.0,2073357.0,31.100000000000005,67.8
2020,Kalimantan Selatan,Kota Banjarmasin,55.89,0.64,9.39,12.77,1.36,14.93,1.63,2.71,0.68,49600.0,18104117.0,42.790000000000006,56.53
2020,Kalimantan Selatan,Kota Banjarbaru,39.58,11.24,14.55,21.36,0.45,2.22,0.64,1.15,8.81,14712.0,5369976.0,40.37,50.82
2020,Kalimantan Timur,Kab. Paser,54.99,0.22,10.2,13.64,1.38,13.56,1.2,3.52,1.29,10857.0,3962893.0,43.50000000000001,55.21
2020,Kalimantan Timur,Kab. Kutai Kartanegara,73.92,0.98,10.43,7.86,2.04,1.57,0.55,1.75,0.9,21155.0,7721590.0,24.2,74.9
2020,Kalimantan Timur,Kab. Penajam Paser Utara,46.13,1.09,20.87,29.83,0.22,0.02,0.67,0.83,0.34,10929.0,3988994.0,52.440000000000005,47.220000000000006
2020,Kalimantan Timur,Kota Balikpapan,42.3,6.36,10.26,7.2,3.87,2.94,0.98,6.56,19.53,48182.0,17586525.0,31.810000000000002,48.66
2020,Kalimantan Timur,Kota Samarinda,53.39,7.0,17.0,19.9,0.65,0.62,0.06,0.92,0.46,62076.0,22657893.0,39.15,60.39
2020,Kalimantan Timur,Kota Bontang,44.12,6.0,27.5,18.0,2.1,0.03,0.25,1.05,0.95,10348.0,3776985.0,48.93,50.12
2020,Kalimantan Utara,Kab. Nunukan,46.4,8.2,23.4,21.3,0.2,0.2,0.1,0.1,0.1,4601.0,1679478.0,45.30000000000001,54.599999999999994
2020,Kalimantan Utara,Kota Tarakan,41.0,12.0,16.0,17.0,1.0,2.0,1.95,2.27,11.0,17513.0,6392405.0,40.220000000000006,53.0
2020,Sulawesi Utara,Kab. Minahasa,40.5,14.21,11.75,17.59,3.2,2.58,1.95,2.27,7.12,17178.0,6270043.0,39.34,54.71
2020,Sulawesi Utara,Kab. Kepulauan Sangihe,15.0,35.0,6.0,19.0,5.0,4.0,4.0,7.0,5.0,6963.0,2541532.0,45.0,50.0
2020,Sulawesi Utara,Kab. Minahasa Selatan,40.5,14.21,11.75,17.59,3.2,2.58,1.95,2.27,7.12,9459.0,3452360.0,39.34,54.71
2020,Sulawesi Utara,Kab. Minahasa Utara,52.74,0.75,14.75,20.78,0.3,0.55,0.38,1.75,8.0,10385.0,3790452.0,38.51,53.49
2020,Sulawesi Utara,Kab. Minahasa Tenggara,40.0,17.0,10.0,16.0,4.0,3.0,2.0,2.0,6.0,4461.0,1628265.0,37.0,57.0
2020,Sulawesi Utara,Kab. Kep. Siau Tagulandang Biaro,40.5,14.21,11.75,17.59,3.2,2.58,1.95,2.27,7.12,3591.0,1310660.0,39.34,54.71
2020,Sulawesi Utara,Kab. Bolaang Mongondow Selatan,40.5,14.21,11.75,17.59,3.2,2.58,1.95,2.27,7.12,3490.0,1273686.0,39.34,54.71
2020,Sulawesi Utara,Kota Bitung,49.11,1.14,18.02,18.92,0.26,1.48,1.48,1.83,7.76,13508.0,4930435.0,41.98999999999999,50.25
2020,Sulawesi Utara,Kota Tomohon,40.5,14.21,11.75,17.59,3.2,2.58,1.95,2.27,7.12,7041.0,2569998.0,39.34,54.71
2020,Sulawesi Utara,Kota Kotamobagu,53.5,5.0,11.8,8.5,5.7,3.6,2.6,2.8,6.5,8645.0,3155374.0,35.0,58.5
2020,Sulawesi Tengah,Kab. Banggai,40.5,14.21,11.75,17.59,3.2,2.58,1.95,2.27,7.12,18819.0,6868753.0,39.34,54.71
2020,Sulawesi Tengah,Kab. Donggala,35.0,10.0,20.0,13.0,6.0,3.0,3.0,3.0,7.0,12164.0,4440006.0,48.0,45.0
2020,Sulawesi Tengah,Kab. Parigi Moutong,40.5,14.21,11.75,17.59,3.2,2.58,1.95,2.27,7.12,22001.0,8030274.0,39.34,54.71
2020,Sulawesi Tengah,Kota Palu,70.96,0.77,9.44,10.43,1.9,1.06,0.68,0.59,4.15,19808.0,7229884.0,24.099999999999994,71.72999999999999
2020,Sulawesi Selatan,Kab. Kepulauan Selayar,50.0,8.17,15.0,15.0,4.9,2.6,3.5,0.5,0.33,6854.0,2501546.0,41.5,58.17
2020,Sulawesi Selatan,Kab. Bulukumba,5.0,5.0,5.0,10.0,2.0,2.58,1.95,0.5,5.0,17197.0,6276876.0,22.029999999999998,10.0
2020,Sulawesi Selatan,Kab. Bantaeng,30.13,27.5,11.0,14.0,1.24,3.0,2.0,1.13,10.0,8045.0,2936279.0,32.37,57.629999999999995
2020,Sulawesi Selatan,Kab. Bone,73.4,0.5,10.0,8.6,3.1,0.4,1.2,1.1,1.7,38278.0,13971488.0,24.400000000000002,73.9
2020,Sulawesi Selatan,Kab. Maros,70.72,10.04,7.18,8.86,0.98,0.17,0.05,0.03,1.97,15502.0,5658391.0,17.270000000000003,80.75999999999999
2020,Sulawesi Selatan,Kab. Pangkajene Kepulauan,40.5,14.21,11.75,17.59,3.2,2.58,1.95,2.27,7.12,14148.0,5164166.0,39.34,54.71
2020,Sulawesi Selatan,Kab. Soppeng,40.5,14.21,11.75,17.59,3.2,2.58,1.95,2.27,7.12,9576.0,3495109.0,39.34,54.71
2020,Sulawesi Selatan,Kab. Wajo,42.1,17.1,6.5,19.1,2.3,6.4,2.8,2.2,1.5,15913.0,5808084.0,39.300000000000004,59.2
2020,Sulawesi Selatan,Kab. Sidenreng Rappang,56.0,9.6,6.2,6.6,4.5,3.6,4.2,4.4,4.9,13241.0,4832834.0,29.5,65.6
2020,Sulawesi Selatan,Kab. Enrekang,40.5,14.21,11.75,17.59,3.2,2.58,1.95,2.27,7.12,11339.0,4138662.0,39.34,54.71
2020,Sulawesi Selatan,Kab. Luwu,40.0,10.0,25.0,15.0,3.0,1.0,2.0,2.0,2.0,14846.0,5418965.0,48.0,50.0
2020,Sulawesi Selatan,Kab. Luwu Utara,38.0,41.81,4.3,6.97,0.44,0.51,0.18,1.0,6.79,13183.0,4811956.0,13.399999999999999,79.81
2020,Sulawesi Selatan,Kab. Luwu Timur,40.0,10.0,25.0,15.0,3.0,1.0,2.0,2.0,2.0,11987.0,4375226.0,48.0,50.0
2020,Sulawesi Selatan,Kota Makassar,14.29,14.21,2.04,5.26,1.67,0.71,1.95,0.49,7.12,99671.0,36380057.0,12.12,28.5
2020,Sulawesi Selatan,Kota Parepare,52.3,10.8,11.9,13.75,2.55,1.65,1.9,2.8,2.35,7476.0,2728667.0,34.55,63.099999999999994
2020,Sulawesi Selatan,Kota Palopo,20.0,30.0,15.0,20.0,5.0,5.0,1.95,5.0,7.12,10637.0,3882396.0,51.95,50.0
2020,Sulawesi Tenggara,Kab. Kolaka,60.0,5.0,11.0,14.0,5.0,1.0,1.0,2.0,1.0,15718.0,5737012.0,34.0,65.0
2020,Sulawesi Tenggara,Kab. Buton,40.5,14.21,11.75,17.59,3.2,2.58,1.95,2.27,7.12,4070.0,1485667.0,39.34,54.71
2020,Sulawesi Tenggara,Kab. Kolaka Utara,40.5,14.21,11.75,17.59,3.2,2.58,1.95,2.27,7.12,6052.0,2208834.0,39.34,54.71
2020,Gorontalo,Kab. Gorontalo,64.0,12.0,13.0,1.0,1.0,1.0,1.0,1.0,6.0,14659.0,5350623.0,18.0,76.0
2020,Gorontalo,Kab. Pohuwato,34.13,14.3,10.2,35.89,3.2,2.58,1.95,1.2,4.28,5899.0,2153296.0,55.02000000000001,48.43000000000001
2020,Sulawesi Barat,Kab. Pasangkayu,5.0,6.0,30.0,40.0,9.0,2.58,1.95,2.27,10.0,7140.0,2606217.0,85.8,11.0
2020,Sulawesi Barat,Kab. Mamuju,47.03,1.86,16.45,15.79,3.37,2.75,1.4,5.33,6.02,13200.0,4817880.0,45.08999999999999,48.89
2020,Sulawesi Barat,Kab. Polewali Mandar,58.68,14.35,9.05,9.7,5.55,0.45,0.35,0.27,1.6,17915.0,6539150.0,25.37,73.03
2020,Maluku,Kab. Buru Selatan,20.0,19.0,16.0,23.0,5.0,4.0,2.0,7.0,4.0,3079.0,1123806.0,57.0,39.0
2020,Maluku,Kota Ambon,39.0,9.0,12.3,15.9,7.0,4.3,3.0,5.0,4.5,27056.0,9875356.0,47.5,48.0
2020,Maluku Utara,Kab. Halmahera Utara,49.76,15.82,12.74,13.27,0.92,0.63,0.22,2.26,4.38,13835.0,5049651.0,30.04,65.58
2020,Maluku Utara,Kab. Pulau Morotai,40.5,14.21,11.75,17.59,3.2,2.58,1.95,2.27,7.12,2977.0,1086766.0,39.34,54.71
2020,Maluku Utara,Kota Tidore Kepulauan,34.0,25.0,12.0,11.8,2.3,0.8,1.5,5.8,6.8,4590.0,1675321.0,34.2,59.0
2020,Papua,Kab. Biak Numfor,11.93,36.39,24.11,12.54,11.28,0.02,0.14,3.59,0.0,5838.0,2130899.0,51.68000000000001,48.32
2020,Papua,Kab. Keerom,10.0,8.0,10.0,35.0,10.0,5.0,15.0,2.0,5.0,2549.0,930516.0,77.0,18.0
2020,Papua,Kota Jayapura,66.39,10.58,4.79,6.6,4.34,2.05,1.08,0.46,3.71,25327.0,9244231.0,19.32,76.97
2020,Papua Barat,Kab. Manokwari,44.0,14.21,11.0,26.0,3.2,2.58,1.95,2.27,19.0,15667.0,5718295.0,47.00000000000001,58.21
2020,Papua Selatan,Kab. Asmat,20.0,10.0,15.0,40.0,4.0,3.0,3.0,3.0,2.0,4404.0,1607533.0,68.0,30.0
2020,Papua Barat Daya,Kab. Sorong Selatan,40.5,14.21,11.75,17.59,3.2,2.58,1.95,2.27,7.12,2172.0,792955.0,39.34,54.71
2020,Papua Barat Daya,Kab. Raja Ampat,0.0,0.0,0.0,0.0,0.0,2.58,1.95,0.0,7.12,3313.0,1209099.0,4.53,0.0
2019,Aceh,Kab. Aceh Selatan,40.5,14.21,11.75,17.59,3.2,2.58,1.95,2.27,7.12,9593.0,3501328.0,39.34,54.71
2019,Aceh,Kab. Aceh Tengah,20.0,20.0,10.0,25.0,5.0,10.0,5.0,3.0,2.0,10097.0,3685374.0,58.0,40.0
2019,Aceh,Kab. Simeulue,5.75,14.5,13.25,35.25,18.75,3.5,3.75,2.25,3.0,4396.0,1604414.0,76.75,20.25
2019,Aceh,Kab. Gayo Lues,40.0,14.0,12.0,17.0,3.0,3.0,2.0,2.0,7.0,3764.0,1373860.0,39.0,54.0
2019,Aceh,Kab. Bener Meriah,40.5,14.21,11.75,17.59,3.2,2.58,1.95,2.27,7.12,6489.0,2368310.0,39.34,54.71
2019,Aceh,Kota Banda Aceh,35.2,11.5,3.0,6.8,4.5,7.5,9.3,4.5,17.7,23860.0,8708896.0,35.6,46.7
2019,Aceh,Kota Sabang,40.5,14.21,11.75,17.59,3.2,2.58,1.95,2.27,7.12,2161.0,788651.0,39.34,54.71
2019,Aceh,Kota Langsa,17.0,20.0,7.0,7.0,12.0,6.0,8.0,5.0,7.0,9458.0,3452261.0,45.0,37.0
2019,Sumatera Utara,Kab. Langkat,22.9,19.9,18.9,14.6,1.0,3.0,2.0,2.0,7.0,41671.0,15209915.0,41.5,42.8
2019,Sumatera Utara,Kab. Deli Serdang,20.5,14.0,13.8,30.2,6.0,5.0,3.0,2.0,5.5,107781.0,39340156.0,60.0,34.5
2019,Sumatera Utara,Kab. Asahan,1.16,61.4,7.18,13.04,2.0,5.48,0.44,1.33,7.97,62048.0,22647372.0,29.47,62.559999999999995
2019,Sumatera Utara,Kab. Dairi,55.53,10.99,12.48,19.26,0.32,0.35,0.2,0.53,0.34,11328.0,4134764.0,33.14000000000001,66.52
2019,Sumatera Utara,Kab. Humbang Hasundutan,12.0,55.0,10.0,13.0,3.0,1.0,0.2,0.8,5.0,5654.0,2063856.0,28.0,67.0
2019,Sumatera Utara,Kab. Samosir,25.0,10.5,20.0,30.0,4.0,2.0,1.0,0.5,7.0,8202.0,2993810.0,57.5,35.5
2019,Sumatera Utara,Kota Medan,48.0,5.0,17.0,14.0,1.0,4.0,2.0,1.0,8.0,170402.0,62196876.0,39.0,53.0
2019,Sumatera Utara,Kota Pematang Siantar,40.5,14.21,11.75,17.59,3.2,2.58,1.95,2.27,7.12,22979.0,8387196.0,39.34,54.71
2019,Sumatera Utara,Kota Tebing Tinggi,40.5,14.21,11.75,17.59,3.2,2.58,1.95,2.27,7.12,12118.0,4422935.0,39.34,54.71
2019,Sumatera Barat,Kab. Pesisir Selatan,21.5,19.5,21.8,20.0,15.5,0.4,1.3,2.27,7.12,13821.0,5044840.0,61.269999999999996,41.0
2019,Sumatera Barat,Kab. Sijunjung,20.1,18.2,20.4,19.0,20.4,1.2,0.2,0.5,7.12,9434.0,3443506.0,61.7,38.3
2019,Sumatera Barat,Kab. Tanah Datar,69.34,14.21,8.63,6.0,2.24,1.57,1.95,3.33,8.89,12014.0,4384948.0,23.72,83.55000000000001
2019,Sumatera Barat,Kab. Agam,62.63,4.99,6.16,13.47,1.05,0.14,0.35,0.28,10.93,19651.0,7172717.0,21.450000000000006,67.62
2019,Sumatera Barat,Kab. Pasaman,74.83,1.7,10.2,6.8,2.04,0.68,0.68,2.38,0.69,8656.0,3159498.0,22.779999999999998,76.53
2019,Sumatera Barat,Kab. Dharmasraya,40.5,14.21,19.0,28.0,44.0,2.58,1.95,2.27,7.12,9633.0,3516111.0,97.8,54.71
2019,Sumatera Barat,Kota Padang,61.24,8.4,6.1,12.4,0.16,2.9,1.5,2.4,4.9,64048.0,23377432.0,25.459999999999997,69.64
2019,Sumatera Barat,Kota Solok,41.92,12.68,15.47,20.53,0.56,0.66,0.1,1.65,6.43,4971.0,1814306.0,38.97,54.6
2019,Sumatera Barat,Kota Sawahlunto,46.0,10.0,15.0,10.0,3.0,5.0,4.0,5.0,2.0,1851.0,675654.0,42.0,56.0
2019,Sumatera Barat,Kota Padang Panjang,43.15,23.56,14.35,12.67,1.5,0.95,0.8,1.19,1.83,4621.0,1686796.0,31.46,66.71
2019,Sumatera Barat,Kota Bukittinggi,40.5,14.21,11.75,17.59,3.2,2.58,1.95,2.27,7.12,11343.0,4140280.0,39.34,54.71
2019,Sumatera Barat,Kota Payakumbuh,48.26,5.15,14.15,26.56,0.22,0.89,0.51,0.78,3.48,9738.0,3554388.0,43.11,53.41
2019,Riau,Kab. Kampar,20.0,10.0,10.0,35.0,10.0,5.0,5.0,5.0,7.12,34498.0,12591712.0,70.0,30.0
2019,Riau,Kab. Pelalawan,40.5,14.21,11.75,17.59,3.2,2.58,1.95,2.27,7.12,14814.0,5407227.0,39.34,54.71
2019,Riau,Kab. Rokan Hilir,8.0,33.0,19.0,24.0,3.0,3.0,2.0,2.0,6.0,50079.0,18278674.0,53.0,41.0
2019,Riau,Kab. Siak,39.0,15.0,10.0,26.0,1.0,2.0,2.0,3.0,2.0,18617.0,6795044.0,44.0,54.0
2019,Riau,Kota Pekanbaru,40.5,14.21,11.75,17.59,3.2,2.58,1.95,2.27,7.12,103651.0,37832491.0,39.34,54.71
2019,Jambi,Kab. Merangin,28.0,13.0,19.0,15.0,4.0,4.0,3.0,2.0,12.0,19216.0,7014004.0,47.0,41.0
2019,Jambi,Kab. Sarolangun,40.5,14.21,11.75,17.59,3.2,2.58,1.95,2.27,7.12,12076.0,4407857.0,39.34,54.71
2019,Jambi,Kab. Batanghari,36.0,15.0,18.8,14.0,3.2,3.0,2.0,2.0,6.0,12085.0,4411054.0,43.0,51.0
2019,Jambi,Kab. Muaro Jambi,40.5,14.21,11.75,17.59,3.2,2.58,1.95,2.27,7.12,8002.0,2920876.0,39.34,54.71
2019,Jambi,Kab. Bungo,63.13,13.25,1.42,4.48,5.88,3.83,5.73,1.38,0.9,14937.0,5451990.0,22.720000000000002,76.38
2019,Jambi,Kota Jambi,40.5,14.21,11.75,17.59,3.2,2.58,1.95,2.27,7.12,42345.0,15455783.0,39.34,54.71
2019,Jambi,Kota Sungai Penuh,40.5,14.21,11.75,17.59,3.2,2.58,1.95,2.27,100.0,5047.0,1842046.0,39.34,54.71
2019,Sumatera Selatan,Kab. Ogan Komering Ulu,40.5,14.21,11.75,17.59,3.2,2.58,1.95,2.27,7.12,14676.0,5356579.0,39.34,54.71
2019,Sumatera Selatan,Kab. Muara Enim,61.02,8.07,7.38,17.18,1.14,1.33,0.36,0.31,3.21,44006.0,16062289.0,27.7,69.09
2019,Sumatera Selatan,Kab. Lahat,5.0,80.0,1.6,6.0,1.8,2.58,1.95,0.4,5.1,30335.0,11072195.0,14.33,85.0
2019,Sumatera Selatan,Kab. Musi Rawas,43.52,17.41,10.44,22.24,1.55,0.97,2.9,0.58,0.39,28362.0,10352221.0,38.67999999999999,60.93000000000001
2019,Sumatera Selatan,Kab. Musi Banyuasin,58.3,4.8,9.1,21.2,1.1,3.0,0.8,0.8,0.9,25545.0,9323998.0,35.99999999999999,63.099999999999994
2019,Sumatera Selatan,Kab. Empat Lawang,40.5,14.21,11.75,17.59,3.2,2.58,1.95,2.27,7.12,17515.0,6392840.0,39.34,54.71
2019,Sumatera Selatan,Kota Palembang,51.2,6.7,17.2,18.0,0.6,2.8,0.5,1.2,1.9,116403.0,42486916.0,40.300000000000004,57.900000000000006
2019,Sumatera Selatan,Kota Prabumulih,56.71,7.8,5.3,24.75,0.63,1.22,0.33,0.76,2.5,9342.0,3409721.0,32.989999999999995,64.51
2019,Bengkulu,Kab. Bengkulu Selatan,40.0,20.0,19.5,8.0,1.5,2.0,1.0,5.0,3.0,6336.0,2312771.0,37.0,60.0
2019,Bengkulu,Kab. Bengkulu Utara,31.6,37.5,7.4,6.3,5.1,0.8,2.9,2.5,5.9,17920.0,6540829.0,24.999999999999996,69.1
2019,Bengkulu,Kab. Lebong,40.5,14.21,11.75,17.59,3.2,2.58,1.95,2.27,7.12,4292.0,1566522.0,39.34,54.71
2019,Bengkulu,Kab. Kepahiang,40.5,14.21,11.75,17.59,3.2,2.58,1.95,2.27,7.12,5498.0,2006887.0,39.34,54.71
2019,Bengkulu,Kab. Bengkulu Tengah,15.0,50.0,15.0,17.2,2.0,0.5,0.1,0.2,7.12,5725.0,2089771.0,35.00000000000001,65.0
2019,Lampung,Kab. Lampung Barat,20.0,15.0,10.0,35.0,2.0,0.5,0.5,0.2,16.8,12128.0,4426632.0,48.2,35.0
2019,Lampung,Kab. Way Kanan,0.6,0.17,0.05,0.09,0.05,0.02,0.02,0.01,0.0,18055.0,6590221.0,0.24,0.77
2019,Lampung,Kab. Pringsewu,50.0,15.0,5.0,20.0,1.0,0.25,0.25,0.25,8.25,15889.0,5799397.0,26.75,65.0
2019,Lampung,Kota Bandar Lampung,30.0,5.0,5.0,30.0,5.0,2.0,10.0,6.0,7.0,68348.0,24946838.0,58.0,35.0
2019,Lampung,Kota Metro,56.47,6.24,9.4,24.07,0.56,1.25,0.27,0.88,0.86,10251.0,3741659.0,36.43000000000001,62.71
2019,Kepulauan Bangka Belitung,Kab. Bangka,26.17,30.86,11.5,18.82,0.62,3.79,0.42,0.66,7.16,12750.0,4653838.0,35.81,57.03
2019,Kepulauan Bangka Belitung,Kab. Bangka Selatan,19.99,37.46,10.04,17.42,12.67,0.78,0.65,0.54,0.45,8569.0,3127597.0,42.1,57.45
2019,Kepulauan Bangka Belitung,Kab. Bangka Tengah,40.0,14.0,10.0,15.0,2.0,12.0,4.0,1.0,2.0,7864.0,2870462.0,44.0,54.0
2019,Kepulauan Bangka Belitung,Kota Pangkal Pinang,40.5,14.21,11.75,17.59,3.2,2.58,1.95,2.27,7.12,14515.0,5297844.0,39.34,54.71
2019,Kepulauan Riau,Kab. Bintan,37.5,5.6,23.6,14.1,0.6,5.2,4.5,2.5,6.4,5130.0,1872468.0,50.50000000000001,43.1
2019,Kepulauan Riau,Kab. Karimun,25.0,18.0,20.0,23.5,4.5,3.0,1.4,4.0,0.6,17536.0,6400556.0,56.4,43.0
2019,Kepulauan Riau,Kab. Natuna,40.5,14.21,11.75,17.59,3.2,2.58,1.95,2.27,7.12,3040.0,1109686.0,39.34,54.71
2019,Kepulauan Riau,Kab. Lingga,40.8,10.3,17.1,12.8,1.6,9.5,4.8,1.6,1.5,2728.0,995848.0,47.4,51.099999999999994
2019,Kepulauan Riau,Kab. Kepulauan Anambas,40.5,14.21,11.75,17.59,3.2,2.58,1.95,2.27,7.12,1273.0,464598.0,39.34,54.71
2019,Kepulauan Riau,Kota Batam,49.0,9.0,10.0,19.0,1.0,2.0,0.0,1.0,9.0,133239.0,48632191.0,33.0,58.0
2019,Kepulauan Riau,Kota Tanjung Pinang,18.0,37.0,9.0,26.0,3.0,1.0,2.0,1.0,3.0,14353.0,5238765.0,42.0,55.0
2019,DKI Jakarta,Kab. Adm. Kep. Seribu,23.02,2.97,0.18,0.9,0.08,2.58,1.95,0.65,72.2,1701.0,621012.0,6.340000000000001,25.99
2019,DKI Jakarta,Kota Adm. Jakarta Utara,40.5,14.21,11.75,17.59,3.2,2.58,1.95,2.27,7.12,132756.0,48456102.0,39.34,54.71
2019,DKI Jakarta,Kota Adm. Jakarta Selatan,40.5,14.21,11.75,17.59,3.2,2.58,1.95,2.27,7.12,190463.0,69519004.0,39.34,54.71
2019,DKI Jakarta,Kota Adm. Jakarta Timur,40.5,14.21,11.75,17.59,3.2,2.58,1.95,2.27,7.12,225366.0,82258519.0,39.34,54.71
2019,Jawa Barat,Kab. Sukabumi,45.08,6.8,7.1,26.27,1.21,1.27,0.11,2.62,6.6,102058.0,37251024.0,38.58,51.879999999999995
2019,Jawa Barat,Kab. Ciamis,26.4,0.4,33.0,5.0,10.7,6.4,1.7,16.1,0.3,56732.0,20707195.0,72.9,26.799999999999997
2019,Jawa Barat,Kab. Sumedang,62.27,1.97,9.25,12.57,1.77,0.91,1.25,1.09,8.92,43791.0,15983788.0,26.84,64.24000000000001
2019,Jawa Barat,Kab. Subang,40.5,14.21,11.75,17.59,3.2,2.58,1.95,2.27,7.12,103915.0,37928879.0,39.34,54.71
2019,Jawa Barat,Kab. Bekasi,40.5,14.21,11.75,17.59,3.2,2.58,1.95,2.27,7.12,181494.0,66245128.0,39.34,54.71
2019,Jawa Barat,Kab. Pangandaran,40.5,14.21,11.75,17.59,3.2,2.58,1.95,2.27,7.12,16991.0,6201876.0,39.34,54.71
2019,Jawa Barat,Kota Bogor,20.0,33.3,19.7,10.0,1.5,3.5,1.0,1.0,10.0,65810.0,24020533.0,36.7,53.3
2019,Jawa Barat,Kota Sukabumi,51.0,12.0,7.0,6.0,6.0,4.0,4.0,3.0,7.0,17796.0,6495611.0,30.0,63.0
2019,Jawa Barat,Kota Depok,62.95,0.57,6.1,21.36,0.14,0.57,0.5,0.57,7.24,151630.0,55344964.0,29.240000000000002,63.52
2019,Jawa Barat,Kota Cimahi,40.5,50.6,8.6,15.6,3.1,5.3,1.95,3.0,13.8,27134.0,9903908.0,37.550000000000004,91.1
2019,Jawa Barat,Kota Tasikmalaya,48.7,14.21,5.8,5.4,0.2,1.9,1.95,6.3,31.6,29195.0,10656083.0,21.549999999999997,62.910000000000004
2019,Jawa Tengah,Kab. Cilacap,57.67,10.63,9.71,16.42,1.33,1.25,0.51,0.65,1.83,91295.0,33322830.0,29.87,68.3
2019,Jawa Tengah,Kab. Kebumen,58.0,14.21,11.0,13.0,13.0,1.0,1.95,2.0,2.0,40654.0,14838662.0,41.95,72.21000000000001
2019,Jawa Tengah,Kab. Purworejo,5.0,55.0,8.0,12.0,3.0,1.0,0.5,1.0,12.5,28733.0,10487414.0,25.5,60.0
2019,Jawa Tengah,Kab. Wonosobo,40.0,21.45,10.0,20.0,0.2,0.2,0.15,1.0,2.0,31620.0,11541169.0,31.549999999999997,61.45
2019,Jawa Tengah,Kab. Boyolali,53.84,1.8,13.31,20.89,1.1,1.57,1.05,0.98,5.46,26590.0,9705273.0,38.9,55.64
2019,Jawa Tengah,Kab. Klaten,60.0,5.0,5.0,20.0,0.5,5.0,3.0,0.5,1.0,35250.0,12866097.0,34.0,65.0
2019,Jawa Tengah,Kab. Sukoharjo,77.1,1.42,3.12,14.04,0.21,1.39,0.16,0.16,2.4,36585.0,13353671.0,19.080000000000002,78.52
2019,Jawa Tengah,Kab. Wonogiri,22.3,29.48,19.74,11.81,6.54,2.58,1.95,6.07,4.06,43660.0,15935958.0,48.69,51.78
2019,Jawa Tengah,Kab. Sragen,74.7,0.9,8.4,11.1,0.4,2.2,0.3,1.7,0.3,53273.0,19444769.0,24.099999999999998,75.60000000000001
2019,Jawa Tengah,Kab. Grobogan,12.0,44.0,10.0,15.0,2.0,3.0,3.0,5.0,6.0,73914.0,26978574.0,38.0,56.0
2019,Jawa Tengah,Kab. Rembang,38.12,1.59,13.38,34.45,0.93,1.88,0.77,1.33,7.55,22889.0,8354412.0,52.74000000000001,39.71
2019,Jawa Tengah,Kab. Pati,40.5,14.21,11.75,17.59,3.2,2.58,1.95,2.27,7.12,50132.0,18298165.0,39.34,54.71
2019,Jawa Tengah,Kab. Kudus,73.0,3.0,8.0,9.0,2.1,1.5,1.0,1.2,7.12,43584.0,15908324.0,22.8,76.0
2019,Jawa Tengah,Kab. Jepara,55.08,5.29,11.48,19.63,1.26,2.12,1.02,1.2,2.92,68787.0,25107220.0,36.71,60.37
2019,Jawa Tengah,Kab. Semarang,57.5,4.0,7.1,18.2,1.9,2.2,1.95,1.2,0.5,52690.0,19232000.0,32.55,61.5
2019,Jawa Tengah,Kab. Kendal,52.2,20.25,9.33,10.76,1.26,3.04,0.86,2.0,0.3,40478.0,14774309.0,27.25,72.45
2019,Jawa Tengah,Kab. Batang,40.5,14.21,11.75,17.59,3.2,2.58,1.95,2.27,7.12,23057.0,8415984.0,39.34,54.71
2019,Jawa Tengah,Kab. Pemalang,45.0,5.0,10.0,20.0,4.0,4.0,5.0,2.0,5.0,39084.0,14265791.0,45.0,50.0
2019,Jawa Tengah,Kab. Brebes,1.0,86.0,1.0,7.0,1.0,1.0,1.0,1.0,1.0,90455.0,33016002.0,12.0,87.0
2019,Jawa Tengah,Kota Magelang,33.7,13.3,40.3,0.8,1.8,0.5,3.7,5.9,0.0,8539.0,3116896.0,52.99999999999999,47.0
2019,Jawa Tengah,Kota Semarang,60.79,14.21,10.18,17.2,1.22,4.94,1.0,1.79,2.88,125171.0,45687335.0,36.33,75.0
2019,D.I. Yogyakarta,Kab. Kulon Progo,67.18,14.21,12.6,17.22,1.68,0.21,1.95,1.11,7.12,16924.0,6177421.0,34.77,81.39000000000001
2019,D.I. Yogyakarta,Kab. Bantul,64.2,3.2,6.2,6.2,13.6,1.1,0.5,1.1,1.7,55592.0,20291055.0,28.700000000000003,67.4
2019,D.I. Yogyakarta,Kab. Gunungkidul,40.5,14.21,11.75,17.59,3.2,2.58,1.95,2.27,7.12,36074.0,13167116.0,39.34,54.71
2019,D.I. Yogyakarta,Kab. Sleman,40.5,14.21,11.75,17.59,3.2,2.58,1.95,2.27,7.12,69912.0,25518017.0,39.34,54.71
2019,D.I. Yogyakarta,Kota Yogyakarta,50.21,10.91,6.18,10.79,2.12,0.68,0.13,10.66,8.32,36196.0,13211636.0,30.56,61.120000000000005
2019,Jawa Timur,Kab. Pacitan,68.2,2.9,8.2,17.2,0.5,0.2,0.3,0.5,2.0,28483.0,10396236.0,26.9,71.10000000000001
2019,Jawa Timur,Kab. Trenggalek,40.5,14.21,11.75,17.59,3.2,2.58,1.95,2.27,7.12,30701.0,11205938.0,39.34,54.71
2019,Jawa Timur,Kab. Tulungagung,46.0,18.0,7.5,4.5,11.0,4.7,2.0,4.0,2.3,51951.0,18962188.0,33.7,64.0
2019,Jawa Timur,Kab. Blitar,29.0,50.0,5.0,10.0,3.2,2.58,1.95,2.27,1.0,41561.0,15169714.0,25.0,79.0
2019,Jawa Timur,Kab. Kediri,40.5,14.21,11.75,17.59,3.2,2.58,1.95,2.27,7.12,50594.0,18466909.0,39.34,54.71
2019,Jawa Timur,Kab. Malang,65.74,1.51,6.88,15.16,0.27,1.12,0.4,0.67,1.93,104248.0,38050578.0,24.5,67.25
2019,Jawa Timur,Kab. Lumajang,40.25,17.35,6.44,17.8,1.15,3.25,1.45,1.5,6.6,50035.0,18262901.0,31.59,57.6
2019,Jawa Timur,Kab. Banyuwangi,34.04,0.84,18.98,21.76,0.94,1.52,0.57,2.55,18.8,122197.0,44601996.0,46.32,34.88
2019,Jawa Timur,Kab. Bondowoso,60.22,2.32,7.63,25.3,1.2,1.13,1.2,1.0,7.12,28575.0,10429871.0,37.46000000000001,62.54
2019,Jawa Timur,Kab. Situbondo,25.0,25.0,25.0,12.0,3.0,2.0,3.0,1.0,4.0,25612.0,9348261.0,46.0,50.0
2019,Jawa Timur,Kab. Probolinggo,20.0,32.0,16.6,16.9,0.4,0.5,12.0,0.2,1.4,46612.0,17013351.0,46.6,52.0
2019,Jawa Timur,Kab. Pasuruan,40.5,14.21,11.75,17.59,3.2,2.58,1.95,2.27,7.12,115206.0,42050088.0,39.34,54.71
2019,Jawa Timur,Kab. Sidoarjo,70.3,1.4,8.5,11.0,0.2,1.1,0.2,0.5,6.8,122393.0,44673365.0,21.5,71.7
2019,Jawa Timur,Kab. Nganjuk,40.5,14.21,11.75,17.59,3.2,2.58,1.95,2.27,7.12,42184.0,15397321.0,39.34,54.71
2019,Jawa Timur,Kab. Madiun,63.53,4.15,7.5,19.71,1.34,2.65,0.01,0.13,0.98,27307.0,9967128.0,31.34,67.68
2019,Jawa Timur,Kab. Ngawi,10.0,50.0,10.0,20.0,3.0,3.0,1.0,1.0,2.0,36542.0,13337874.0,38.0,60.0
2019,Jawa Timur,Kab. Bojonegoro,5.0,20.0,40.0,35.0,3.2,2.58,1.95,2.27,7.12,50874.0,18568835.0,85.0,25.0
2019,Jawa Timur,Kab. Tuban,58.53,15.43,5.78,11.02,0.17,1.62,1.95,1.33,6.12,49092.0,17918471.0,21.870000000000005,73.96000000000001
2019,Jawa Timur,Kab. Gresik,42.0,1.0,10.5,16.5,0.5,1.5,1.95,1.0,27.0,32455.0,11845929.0,31.95,43.0
2019,Jawa Timur,Kab. Sampang,30.0,13.0,5.2,13.2,5.0,2.58,1.95,0.5,32.9,22863.0,8344995.0,28.429999999999996,43.0
2019,Jawa Timur,Kab. Pamekasan,40.5,14.21,11.75,17.59,3.2,2.58,1.95,2.27,7.12,26933.0,9830505.0,39.34,54.71
2019,Jawa Timur,Kab. Sumenep,58.72,1.08,20.83,17.33,3.2,0.91,0.26,0.57,0.3,36020.0,13147399.0,43.099999999999994,59.8
2019,Jawa Timur,Kota Kediri,27.0,28.0,15.0,24.0,1.0,0.5,1.5,1.8,1.2,14748.0,5382838.0,43.8,55.0
2019,Jawa Timur,Kota Blitar,53.0,13.6,5.2,9.1,0.8,2.9,3.0,3.4,9.0,7094.0,2589237.0,24.4,66.6
2019,Jawa Timur,Kota Malang,11.8,61.0,18.0,7.0,0.4,0.8,0.6,0.2,0.2,67047.0,24472024.0,27.0,72.8
2019,Jawa Timur,Kota Probolinggo,58.5,5.4,11.2,17.9,0.8,0.9,1.6,1.0,2.0,9408.0,3434081.0,33.4,63.9
2019,Jawa Timur,Kota Pasuruan,37.9,32.0,4.3,8.8,4.3,3.5,5.0,1.7,2.5,13128.0,4791572.0,27.6,69.9
2019,Jawa Timur,Kota Mojokerto,73.1,0.02,9.51,13.45,0.32,0.9,0.11,0.49,2.1,6473.0,2362773.0,24.779999999999998,73.11999999999999
2019,Jawa Timur,Kota Madiun,81.0,0.5,8.0,4.0,3.0,1.0,1.0,1.0,0.5,11677.0,4262224.0,18.0,81.5
2019,Jawa Timur,Kota Surabaya,54.31,1.61,14.63,19.44,0.48,1.47,2.33,1.12,4.61,222427.0,81186024.0,39.46999999999999,55.92
2019,Jawa Timur,Kota Batu,78.1,0.6,11.2,8.0,0.3,0.5,0.6,0.6,0.1,11632.0,4245719.0,21.200000000000003,78.69999999999999
2019,Banten,Kab. Pandeglang,40.5,14.21,11.75,17.59,3.2,2.58,1.95,2.27,7.12,48774.0,17802641.0,39.34,54.71
2019,Banten,Kab. Lebak,30.0,12.0,10.0,15.0,8.0,5.0,5.0,10.0,5.0,51097.0,18650405.0,53.0,42.0
2019,Banten,Kab. Tangerang,35.25,17.73,11.35,23.15,1.51,1.26,0.53,2.22,7.0,266055.0,97110108.0,40.019999999999996,52.980000000000004
2019,Banten,Kota Tangerang,61.38,2.24,8.94,10.97,1.68,2.32,2.09,1.78,8.6,158367.0,57803809.0,27.78,63.620000000000005
2019,Banten,Kota Cilegon,40.5,14.21,11.75,17.59,3.2,2.58,1.95,2.27,7.12,37044.0,13521100.0,39.34,54.71
2019,Banten,Kota Tangerang Selatan,11.0,75.0,4.0,8.0,3.2,2.58,1.95,2.27,2.0,103126.0,37641156.0,22.0,86.0
2019,Bali,Kab. Jembrana,11.22,30.88,11.1,22.1,2.1,7.0,7.0,2.7,5.9,16372.0,5975744.0,52.00000000000001,42.1
2019,Bali,Kab. Badung,0.3,51.8,1.6,17.59,3.2,2.58,1.95,2.27,46.3,28342.0,10344764.0,29.189999999999998,52.099999999999994
2019,Bali,Kab. Gianyar,35.2,23.4,10.89,17.01,3.5,0.7,0.7,0.4,8.2,43537.0,15891005.0,33.2,58.6
2019,Bali,Kab. Bangli,12.0,70.0,2.0,4.0,1.0,1.0,0.5,0.5,9.0,10803.0,3943037.0,9.0,82.0
2019,Bali,Kab. Karangasem,40.5,14.21,11.75,17.59,3.2,2.58,1.95,2.27,7.12,20830.0,7602950.0,39.34,54.71
2019,Bali,Kab. Buleleng,2.99,62.57,5.63,10.18,2.82,5.33,4.55,3.33,2.6,33517.0,12233778.0,31.840000000000003,65.56
2019,Bali,Kota Denpasar,70.0,5.0,2.0,15.0,1.0,1.0,1.0,2.27,5.0,65153.0,23780816.0,22.27,75.0
2019,Nusa Tenggara Barat,Kab. Lombok Timur,49.3,29.7,3.5,10.5,1.2,4.0,0.4,1.3,0.1,48024.0,17528935.0,20.9,79.0
2019,Nusa Tenggara Barat,Kab. Lombok Utara,40.5,14.21,11.75,17.59,3.2,2.58,1.95,2.27,7.12,7212.0,2632230.0,39.34,54.71
2019,Kalimantan Barat,Kab. Sambas,40.0,5.6,14.2,25.0,0.3,1.0,0.9,2.0,11.0,27160.0,9913309.0,43.4,45.6
2019,Kalimantan Barat,Kab. Mempawah,10.0,25.0,25.0,20.0,10.0,3.0,2.0,2.0,3.0,7027.0,2565020.0,62.0,35.0
2019,Kalimantan Barat,Kab. Sanggau,40.5,14.21,11.75,17.59,3.2,2.58,1.95,2.27,7.12,23511.0,8581588.0,39.34,54.71
2019,Kalimantan Barat,Kab. Ketapang,28.0,6.0,9.0,42.0,2.0,3.0,2.0,1.0,7.0,25486.0,9302335.0,59.0,34.0
2019,Kalimantan Barat,Kab. Kapuas Hulu,35.65,4.79,11.74,37.02,2.52,1.47,4.45,2.22,0.14,13160.0,4803528.0,59.42000000000001,40.44
2019,Kalimantan Barat,Kab. Bengkayang,40.5,14.21,11.75,17.59,3.2,2.58,1.95,2.27,7.12,10184.0,3717218.0,39.34,54.71
2019,Kalimantan Barat,Kota Pontianak,83.0,1.5,7.2,6.0,2.0,2.58,0.1,2.27,0.2,38057.0,13890710.0,20.150000000000002,84.5
2019,Kalimantan Tengah,Kab. Kotawaringin Barat,47.0,5.0,10.0,15.0,2.0,2.0,2.0,1.0,16.0,12163.0,4439597.0,32.0,52.0
2019,Kalimantan Tengah,Kab. Kotawaringin Timur,45.05,5.0,7.26,20.26,1.82,4.04,1.18,4.33,11.06,25198.0,9197120.0,38.89,50.05
2019,Kalimantan Tengah,Kab. Kapuas,39.4,20.0,12.3,13.5,0.16,1.0,1.95,1.0,11.7,17819.0,6503972.0,29.91,59.4
2019,Kalimantan Tengah,Kab. Barito Utara,30.0,12.0,14.0,20.0,5.0,5.0,2.0,2.0,10.0,5229.0,1908410.0,48.0,42.0
2019,Kalimantan Tengah,Kab. Katingan,56.98,2.06,13.17,14.34,4.02,1.78,3.14,3.28,0.95,4419.0,1612890.0,39.73,59.04
2019,Kalimantan Tengah,Kab. Sukamara,40.5,14.21,11.75,17.59,3.2,2.58,1.95,2.27,7.12,2574.0,939393.0,39.34,54.71
2019,Kalimantan Tengah,Kab. Pulang Pisau,23.51,26.74,13.31,25.13,3.19,2.41,0.83,1.79,3.09,6356.0,2319904.0,46.65999999999999,50.25
2019,Kalimantan Tengah,Kab. Barito Timur,31.0,11.0,5.0,35.0,1.0,6.0,6.0,3.0,2.0,5075.0,1852360.0,56.0,42.0
2019,Kalimantan Tengah,Kota Palangkaraya,70.05,1.59,7.14,14.95,0.67,1.3,0.9,1.01,2.39,14024.0,5118870.0,25.970000000000002,71.64
2019,Kalimantan Selatan,Kab. Tanah Laut,10.0,20.0,3.0,40.0,5.0,1.0,1.0,1.0,19.0,13377.0,4882722.0,51.0,30.0
2019,Kalimantan Selatan,Kab. Kotabaru,60.0,3.0,13.0,14.0,2.0,3.0,2.0,3.0,7.12,13788.0,5032766.0,37.0,63.0
2019,Kalimantan Selatan,Kab. Barito Kuala,61.7,9.5,10.6,9.8,2.6,1.7,0.8,2.0,1.3,9127.0,3331516.0,27.5,71.2
2019,Kalimantan Selatan,Kab. Tapin,51.29,3.11,10.51,32.52,0.65,1.21,0.23,0.14,0.34,7530.0,2748625.0,45.26,54.4
2019,Kalimantan Selatan,Kab. Hulu Sungai Selatan,55.18,1.48,13.13,25.35,2.9,0.46,0.9,0.4,0.2,9306.0,3396661.0,43.14,56.66
2019,Kalimantan Selatan,Kab. Hulu Sungai Tengah,60.28,2.17,2.9,30.28,1.25,0.3,0.72,2.0,0.1,10787.0,3937211.0,37.449999999999996,62.45
2019,Kalimantan Selatan,Kab. Hulu Sungai Utara,55.78,8.38,8.72,12.41,0.98,0.84,0.06,6.1,6.73,9532.0,3479355.0,29.11,64.16
2019,Kalimantan Selatan,Kab. Tanah Bumbu,3.9,68.2,3.9,11.7,0.2,3.5,0.2,2.27,8.4,18008.0,6573048.0,21.769999999999996,72.10000000000001
2019,Kalimantan Selatan,Kab. Balangan,57.34,10.32,10.8,14.2,2.1,1.7,0.74,1.5,1.3,5274.0,1924864.0,31.04,67.66
2019,Kalimantan Selatan,Kota Banjarmasin,59.4,0.1,12.4,15.1,0.5,0.2,0.2,5.7,6.4,49602.0,18104883.0,34.1,59.5
2019,Kalimantan Selatan,Kota Banjarbaru,51.0,15.0,11.0,13.0,1.0,4.0,2.0,2.0,1.0,16551.0,6041223.0,33.0,66.0
2019,Kalimantan Timur,Kab. Paser,54.99,0.22,10.2,13.64,1.38,13.56,1.2,3.52,1.29,11461.0,4183134.0,43.50000000000001,55.21
2019,Kalimantan Timur,Kab. Kutai Kartanegara,73.92,0.98,10.43,7.86,2.04,1.57,0.55,1.75,0.9,20783.0,7585897.0,24.2,74.9
2019,Kalimantan Timur,Kab. Berau,55.39,1.28,4.02,26.47,9.63,0.05,0.07,0.99,2.1,16176.0,5904068.0,41.23,56.67
2019,Kalimantan Timur,Kab. Kutai Timur,30.0,20.0,10.0,25.0,5.0,5.0,2.0,2.0,1.0,21193.0,7735518.0,49.0,50.0
2019,Kalimantan Timur,Kab. Penajam Paser Utara,5.0,20.0,40.0,19.0,15.0,0.7,0.2,0.1,7.12,10791.0,3938669.0,75.0,25.0
2019,Kalimantan Timur,Kota Balikpapan,42.3,6.36,10.26,7.2,3.87,2.94,0.98,6.56,19.53,45862.0,16739798.0,31.810000000000002,48.66
2019,Kalimantan Timur,Kota Samarinda,53.39,7.0,17.0,19.9,0.65,0.62,0.06,0.92,0.46,61094.0,22299222.0,39.15,60.39
2019,Kalimantan Timur,Kota Bontang,45.0,4.0,27.0,20.0,2.0,0.01,0.02,1.0,0.97,10171.0,3712272.0,50.03,49.0
2019,Kalimantan Utara,Kab. Nunukan,46.4,8.2,23.4,21.3,0.2,0.2,0.1,0.1,0.1,4414.0,1611007.0,45.30000000000001,54.599999999999994
2019,Kalimantan Utara,Kota Tarakan,41.0,12.0,16.0,17.0,1.0,2.0,1.95,2.27,11.0,15430.0,5631912.0,40.220000000000006,53.0
2019,Sulawesi Utara,Kab. Minahasa,40.5,14.21,11.75,17.59,3.2,2.58,1.95,2.27,7.12,17106.0,6243508.0,39.34,54.71
2019,Sulawesi Utara,Kab. Kepulauan Sangihe,15.0,35.0,6.0,19.0,5.0,4.0,4.0,7.0,5.0,5245.0,1914586.0,45.0,50.0
2019,Sulawesi Utara,Kab. Kepulauan Talaud,60.0,3.0,3.0,20.0,1.0,2.0,2.0,1.0,8.0,6474.0,2363171.0,29.0,63.0
2019,Sulawesi Utara,Kab. Minahasa Selatan,40.5,14.21,11.75,17.59,3.2,2.58,1.95,2.27,7.12,9538.0,3481443.0,39.34,54.71
2019,Sulawesi Utara,Kab. Minahasa Utara,40.5,14.21,11.75,17.59,3.2,2.58,1.95,2.27,7.12,10181.0,3716138.0,39.34,54.71
2019,Sulawesi Utara,Kab. Minahasa Tenggara,40.0,17.0,10.0,16.0,4.0,3.0,2.0,2.0,6.0,4386.0,1601051.0,37.0,57.0
2019,Sulawesi Utara,Kab. Kep. Siau Tagulandang Biaro,40.5,14.21,11.75,17.59,3.2,2.58,1.95,2.27,7.12,3779.0,1379408.0,39.34,54.71
2019,Sulawesi Utara,Kab. Bolaang Mongondow Selatan,40.5,14.21,11.75,17.59,3.2,2.58,1.95,2.27,7.12,3304.0,1205796.0,39.34,54.71
2019,Sulawesi Utara,Kota Bitung,49.11,1.14,18.02,18.92,0.26,1.48,1.48,1.83,7.76,15330.0,5595552.0,41.98999999999999,50.25
2019,Sulawesi Utara,Kota Tomohon,40.5,14.21,11.75,17.59,3.2,2.58,1.95,2.27,7.12,7484.0,2731729.0,39.34,54.71
2019,Sulawesi Utara,Kota Kotamobagu,53.4,5.1,11.8,8.7,5.7,3.5,2.6,2.8,6.4,6183.0,2256667.0,35.099999999999994,58.5
2019,Sulawesi Tengah,Kab. Banggai,40.5,14.21,11.75,17.59,3.2,2.58,1.95,2.27,7.12,18548.0,6769911.0,39.34,54.71
2019,Sulawesi Tengah,Kab. Poso,26.97,24.91,16.99,22.56,2.8,1.75,1.66,1.65,0.71,10037.0,3663330.0,47.40999999999999,51.879999999999995
2019,Sulawesi Tengah,Kab. Donggala,35.0,10.0,20.0,13.0,6.0,3.0,3.0,3.0,7.0,12064.0,4403229.0,48.0,45.0
2019,Sulawesi Tengah,Kab. Parigi Moutong,32.84,8.21,37.99,4.19,3.2,2.58,1.95,2.27,16.77,21561.0,7869674.0,52.18000000000001,41.050000000000004
2019,Sulawesi Selatan,Kab. Kepulauan Selayar,43.0,10.0,18.0,15.0,4.0,4.0,2.0,2.0,2.0,6781.0,2475138.0,45.0,53.0
2019,Sulawesi Selatan,Kab. Bulukumba,40.5,14.21,11.75,17.59,3.2,2.58,1.95,2.27,7.12,16860.0,6153812.0,39.34,54.71
2019,Sulawesi Selatan,Kab. Bantaeng,30.1,27.5,11.0,14.0,1.2,3.0,2.0,1.1,10.0,7464.0,2724535.0,32.3,57.6
2019,Sulawesi Selatan,Kab. Sinjai,35.2,14.0,29.0,14.6,1.0,0.7,2.1,1.2,2.2,10637.0,3882534.0,48.60000000000001,49.2
2019,Sulawesi Selatan,Kab. Bone,73.4,0.5,10.5,8.6,3.1,0.4,1.3,1.9,0.3,37620.0,13731191.0,25.8,73.9
2019,Sulawesi Selatan,Kab. Maros,73.98,5.04,8.86,10.18,0.98,2.58,1.95,2.27,0.96,14125.0,5155567.0,26.82,79.02000000000001
2019,Sulawesi Selatan,Kab. Pangkajene Kepulauan,40.5,14.21,11.75,17.59,3.2,2.58,1.95,2.27,7.12,14008.0,5113037.0,39.34,54.71
2019,Sulawesi Selatan,Kab. Barru,50.0,16.0,8.0,15.0,3.0,2.0,1.0,1.0,4.0,7295.0,2662646.0,30.0,66.0
2019,Sulawesi Selatan,Kab. Wajo,41.7,17.7,6.3,18.5,2.3,3.1,2.2,2.2,6.0,15872.0,5793426.0,34.60000000000001,59.400000000000006
2019,Sulawesi Selatan,Kab. Sidenreng Rappang,56.0,9.6,6.2,6.6,4.5,3.6,4.2,4.4,4.9,12079.0,4408791.0,29.5,65.6
2019,Sulawesi Selatan,Kab. Enrekang,45.0,11.0,9.0,16.0,6.0,3.0,1.0,6.0,3.0,11740.0,4285045.0,41.0,56.0
2019,Sulawesi Selatan,Kab. Luwu Utara,38.0,41.81,4.3,6.97,0.44,0.51,0.18,1.0,6.79,13120.0,4788712.0,13.399999999999999,79.81
2019,Sulawesi Selatan,Kab. Luwu Timur,40.0,10.0,25.0,15.0,3.0,1.0,2.0,2.0,2.0,11753.0,4289801.0,48.0,50.0
2019,Sulawesi Selatan,Kota Parepare,54.7,9.25,14.4,12.2,2.45,1.7,1.5,2.2,1.6,7329.0,2675158.0,34.45,63.95
2019,Sulawesi Selatan,Kota Palopo,30.0,30.0,20.0,10.0,10.0,2.58,1.95,2.27,7.12,10377.0,3787696.0,46.800000000000004,60.0
2019,Sulawesi Tenggara,Kab. Kolaka,65.0,4.0,10.0,10.0,5.0,1.0,1.0,2.0,2.0,15410.0,5624511.0,29.0,69.0
2019,Sulawesi Tenggara,Kab. Buton,40.5,14.21,11.75,17.59,3.2,2.58,1.95,2.27,7.12,4046.0,1476805.0,39.34,54.71
2019,Sulawesi Tenggara,Kab. Bombana,15.0,54.0,6.0,15.0,2.0,2.0,2.0,1.0,3.0,5602.0,2044657.0,28.0,69.0
2019,Gorontalo,Kab. Gorontalo,65.0,13.0,14.0,1.0,1.0,1.0,1.0,1.0,3.0,14656.0,5349557.0,19.0,78.0
2019,Gorontalo,Kab. Pohuwato,41.0,15.1,12.1,22.4,1.7,2.58,1.95,2.5,5.2,5819.0,2123847.0,43.230000000000004,56.1
2019,Gorontalo,Kota Gorontalo,21.0,15.0,10.0,35.0,10.0,5.0,2.0,2.0,7.12,13984.0,5104047.0,64.0,36.0
2019,Sulawesi Barat,Kab. Pasangkayu,40.5,14.21,11.75,17.59,3.2,2.58,1.95,2.27,7.12,6959.0,2539933.0,39.34,54.71
2019,Sulawesi Barat,Kab. Polewali Mandar,65.06,12.35,8.05,6.5,5.55,0.45,0.35,0.27,1.42,17703.0,6461610.0,21.17,77.41
2019,Maluku,Kab. Maluku Tenggara,35.0,45.0,7.0,7.0,0.5,2.0,1.5,1.0,1.0,4980.0,1817536.0,19.0,80.0
2019,Maluku,Kab. Buru Selatan,22.0,12.0,20.0,31.0,3.0,3.0,2.0,2.0,5.0,3063.0,1117995.0,61.0,34.0
2019,Maluku,Kota Ambon,38.0,6.8,11.6,14.6,10.1,5.0,3.0,7.1,3.8,26889.0,9814573.0,51.4,44.8
2019,Maluku Utara,Kab. Halmahera Utara,40.5,14.21,11.75,17.59,3.2,2.58,1.95,2.27,7.12,13744.0,5016615.0,39.34,54.71
2019,Maluku Utara,Kota Ternate,54.0,5.7,10.6,13.6,6.3,1.6,1.0,3.7,3.5,7229.0,2638469.0,36.800000000000004,59.7
2019,Maluku Utara,Kota Tidore Kepulauan,34.0,25.0,12.0,11.8,2.3,0.8,1.5,5.8,6.8,4539.0,1656881.0,34.2,59.0
2019,Papua,Kab. Biak Numfor,5.69,33.75,27.83,14.79,13.19,0.02,0.21,4.52,0.0,5817.0,2123205.0,60.56,39.44
2019,Papua,Kota Jayapura,66.39,10.58,4.79,6.6,4.34,2.05,1.08,0.46,3.71,25263.0,9221170.0,19.32,76.97
2019,Papua Selatan,Kab. Asmat,15.0,10.0,30.0,20.0,5.0,5.0,5.0,5.0,5.0,3900.0,1423354.0,70.0,25.0
2019,Papua Barat Daya,Kab. Raja Ampat,0.0,0.0,0.0,0.0,0.0,2.58,1.95,0.0,7.12,3313.0,1209099.0,4.53,0.0
